,adam,adams,air,aloha,alright,away,backlash,bacon,boy,cancer,capacity,card,care,career,checklist,classmate,climb,cocacola,comfort,conan,conscience,constant,construction,contradiction,crack,cub,decisions,deprive,diminish,duty,ethics,existence,fake,fewer,flip,fruiti,fun,georgia,grandmother,grief,grow,human,iii,inflation,inmates,instead,kid,lesson,likely,line,marshall,materials,mean,members,mention,methodical,milwaukee,minutes,mountain,news,northeastern,objectives,overly,palestinians,paradigm,paradoxically,paris,pass,pat,piano,pigeon,popular,possibility,potential,price,proclaim,provide,purpose,recommend,remarkable,reproduction,responses,retire,revolution,ring,rockstar,selfconfidence,short,silver,small,sniff,solipsism,solve,soul,space,sunbeam,suppose,swallow,teach,teachers,theyd,time,transcript,ultimately,uniform,unless,ut,webbys,wonderful,writers,yeah
adam,0.0,5.1,1.4,0.0,0.0,3.5,0.0,0.0,0.2,1.1,0.4,1.9,1.9,23.1,0.6,0.1,0.3,0.0,0.7,0.0,0.1,0.0,0.0,2.5,0.9,0.0,0.2,0.1,0.0,0.3,0.0,0.0,0.0,0.0,0.1,0.0,4.0,0.1,1.1,0.3,2.5,4.0,0.2,0.0,0.0,1.8,2.5,2.6,0.2,1.3,0.0,0.1,10.6,0.5,3.0,0.0,0.0,3.5,2.5,2.1,0.0,0.0,0.0,0.0,0.0,0.0,0.2,3.4,0.0,0.4,0.0,0.5,0.0,2.2,0.6,0.0,2.7,0.6,0.6,0.0,0.2,0.1,0.1,0.0,0.9,0.0,0.0,1.1,0.1,1.6,0.0,0.0,1.0,3.0,0.2,0.0,4.1,0.1,6.6,0.7,0.0,33.0,0.0,0.1,0.0,0.5,0.1,0.0,1.0,0.1,0.2
adams,5.1,0.0,1.7,0.0,0.5,3.1,0.0,0.2,1.2,0.5,9.1,0.1,3.0,5.5,0.0,0.0,0.4,0.0,1.6,0.1,0.6,0.0,0.1,0.2,0.1,0.0,0.5,0.0,0.5,0.8,2.1,0.7,0.0,0.1,0.0,0.1,0.5,3.6,0.0,0.0,1.7,4.6,0.0,0.0,0.3,1.8,1.4,0.9,0.1,1.6,0.3,0.2,7.4,3.3,0.9,0.0,0.0,3.9,0.5,1.1,0.0,0.0,0.0,0.0,1.1,0.2,0.9,1.1,0.1,0.5,0.0,0.3,0.0,0.0,0.6,0.1,1.6,1.7,0.0,0.4,0.0,0.4,0.1,2.0,0.2,0.0,0.1,1.8,0.0,1.5,0.0,0.0,0.0,0.3,0.8,0.0,1.5,0.0,4.3,2.1,0.5,28.4,0.2,0.8,0.7,0.6,0.0,0.0,0.9,1.5,0.5
air,1.4,1.7,0.0,0.0,0.1,16.1,0.0,0.5,4.5,10.1,3.3,2.6,8.7,16.5,0.7,0.2,4.5,1.4,2.4,0.7,1.3,0.9,1.5,0.0,2.1,0.0,5.5,0.5,0.3,3.0,0.2,1.9,0.2,1.1,0.9,0.1,3.6,3.7,2.0,1.7,17.8,19.8,0.0,0.1,0.0,6.9,12.7,6.1,3.3,9.3,0.3,0.6,33.1,6.1,7.4,0.0,0.0,8.1,2.7,9.1,3.0,0.2,0.3,0.0,0.7,0.2,1.8,7.9,0.0,2.5,0.0,0.7,1.3,3.4,1.1,0.4,3.7,6.9,0.4,0.8,0.0,0.3,2.6,3.5,2.8,0.0,0.2,7.2,2.2,14.5,0.2,0.0,3.3,14.5,7.4,0.0,4.9,0.5,19.8,4.4,2.6,83.6,0.9,1.8,1.0,1.8,0.4,0.0,10.4,1.3,2.8
aloha,0.0,0.0,0.0,0.0,0.0,0.1,0.0,0.0,0.0,0.0,0.0,0.0,0.0,0.1,0.0,0.0,0.0,0.0,0.0,0.0,0.0,0.0,0.0,0.0,0.0,0.0,0.6,0.0,0.0,0.0,0.0,0.0,0.0,0.0,0.0,0.0,0.0,0.0,0.0,0.0,0.1,0.0,0.0,0.0,0.0,0.0,0.0,0.1,0.0,0.0,0.0,0.0,0.5,0.1,0.0,0.0,0.0,0.1,0.0,0.2,0.0,0.0,0.0,0.0,0.0,0.0,0.0,0.1,0.0,0.0,0.0,0.0,0.0,0.1,0.0,0.0,0.0,0.0,0.0,0.0,0.0,0.0,0.0,0.0,0.0,0.0,0.0,0.0,0.0,0.0,0.0,0.0,0.0,0.0,0.0,0.0,0.2,0.0,0.1,0.0,0.0,1.9,0.0,0.0,0.0,0.0,0.0,0.0,0.0,0.0,0.0
alright,0.0,0.5,0.1,0.0,0.0,2.6,0.0,0.1,0.5,0.6,0.4,0.0,3.1,4.2,0.0,0.0,0.1,0.0,0.2,0.2,0.4,0.8,0.4,0.0,1.2,1.1,1.5,0.0,0.2,0.2,0.0,0.3,0.2,0.0,0.4,0.0,2.8,0.0,0.0,0.0,3.1,2.8,0.0,0.0,0.0,2.2,7.3,0.9,0.4,7.1,0.1,0.0,16.0,1.2,0.1,0.0,0.0,4.4,0.0,0.4,0.0,0.0,0.0,0.0,0.0,0.2,0.0,5.1,0.1,0.0,0.0,0.0,0.5,0.1,1.0,0.0,0.9,0.0,0.0,0.2,0.0,0.0,0.0,0.1,1.5,0.0,0.0,2.3,0.8,0.8,0.0,0.0,1.1,1.8,0.6,0.0,0.5,0.2,1.4,0.9,0.0,42.1,0.1,0.2,0.2,0.9,0.0,0.0,0.8,0.1,6.0
away,3.5,3.1,16.1,0.1,2.6,0.0,1.1,5.1,15.6,11.5,14.0,6.1,40.1,53.7,0.8,0.6,8.8,0.1,9.6,2.7,3.5,7.6,0.7,2.1,4.6,7.0,10.0,2.2,1.5,4.2,3.6,7.4,1.6,4.9,2.7,0.3,14.0,0.7,3.1,5.3,55.2,63.4,0.7,0.6,0.4,31.6,66.9,19.0,16.7,35.9,3.9,2.7,114.7,21.6,11.4,0.0,1.0,19.3,9.6,22.5,5.2,0.6,0.2,0.0,1.7,1.3,4.1,35.6,1.0,7.8,3.2,7.7,7.7,11.3,3.3,1.8,11.6,36.6,4.2,5.2,2.1,1.5,7.2,7.8,11.6,0.3,6.5,23.5,4.0,44.2,0.2,0.0,12.1,23.6,19.0,0.0,24.3,1.3,65.7,13.1,6.2,342.1,2.8,5.5,7.9,13.9,3.0,2.1,26.5,8.2,11.1
backlash,0.0,0.0,0.0,0.0,0.0,1.1,0.0,0.0,0.0,0.5,0.2,0.0,0.5,0.5,0.0,0.0,0.0,0.0,0.0,0.0,0.0,0.0,0.0,0.1,0.0,0.0,0.1,0.0,0.0,0.0,0.0,0.0,0.0,0.0,0.0,0.0,0.2,0.0,0.0,0.0,0.5,0.8,0.0,0.0,0.0,0.2,0.0,0.2,0.4,0.8,0.0,0.0,2.4,0.1,0.0,0.0,0.0,0.0,0.0,0.0,0.2,0.0,0.0,0.0,0.0,0.0,0.0,0.0,0.0,0.0,0.0,0.0,0.0,0.0,0.1,0.0,0.0,0.6,0.2,0.0,0.0,0.0,0.0,0.5,0.0,0.0,0.0,0.3,0.0,0.0,0.0,0.0,0.0,0.0,0.0,0.0,0.8,0.5,0.8,0.6,0.0,3.7,0.1,0.3,0.0,0.2,0.0,0.0,0.0,0.0,0.0
bacon,0.0,0.2,0.5,0.0,0.1,5.1,0.0,0.0,0.0,0.0,0.2,0.0,0.0,0.5,0.0,0.0,0.0,0.0,0.0,0.0,0.0,0.0,0.0,0.0,0.1,0.0,0.3,0.0,0.2,0.0,0.2,0.2,0.0,0.0,0.0,0.0,0.0,0.0,0.0,1.0,2.0,1.4,0.0,0.0,0.0,2.0,0.2,0.0,0.0,0.3,0.0,1.0,2.3,0.0,0.4,0.0,0.0,0.6,0.7,1.3,0.0,0.0,0.0,0.0,2.7,0.0,0.0,0.5,0.0,0.0,1.6,0.0,0.1,0.0,0.0,0.0,0.6,0.4,0.0,0.0,0.0,0.0,0.0,0.0,0.0,0.0,0.0,0.6,0.5,1.7,0.0,0.0,0.0,0.4,0.9,0.0,0.0,0.0,2.2,0.0,0.0,6.9,0.1,0.2,0.0,0.3,0.0,0.0,0.7,0.2,0.1
boy,0.2,1.2,4.5,0.0,0.5,15.6,0.0,0.0,0.0,2.2,6.0,1.0,10.2,10.7,0.0,0.4,2.3,0.0,3.2,0.1,0.0,0.3,0.0,0.0,1.3,0.0,2.1,0.1,0.1,1.2,0.6,3.4,0.1,0.8,1.2,0.2,3.2,0.5,2.4,0.3,12.7,16.6,0.1,0.2,0.1,6.7,25.7,5.7,3.2,7.9,0.8,0.6,33.6,4.5,3.9,0.0,0.8,6.8,1.1,5.9,0.8,0.1,0.1,0.2,0.2,0.1,0.9,11.3,0.0,0.9,0.0,1.4,1.3,1.7,2.6,0.2,4.3,3.8,0.4,1.9,0.1,0.3,2.3,1.5,1.3,0.0,0.1,8.4,0.7,10.7,0.2,0.0,2.1,2.1,6.4,0.0,5.6,0.0,19.0,7.9,2.2,83.6,0.3,2.5,0.8,3.0,0.0,0.0,8.3,2.2,3.3
cancer,1.1,0.5,10.1,0.0,0.6,11.5,0.5,0.0,2.2,0.0,3.7,15.9,20.8,10.3,0.0,0.0,4.5,0.0,1.7,0.3,0.4,2.7,0.1,0.0,0.2,1.1,8.1,0.0,0.1,0.8,0.0,1.0,0.2,0.4,0.0,0.0,1.7,0.0,0.9,0.2,11.8,22.0,0.0,0.0,0.0,5.4,17.2,10.1,6.1,8.6,0.6,0.4,28.3,11.4,2.1,0.0,0.0,4.3,0.3,10.9,0.8,0.0,0.4,0.0,0.0,0.5,0.7,4.3,0.9,0.5,0.0,0.2,1.8,1.5,0.5,0.1,3.4,9.4,1.0,0.8,0.0,0.7,0.1,2.1,0.5,0.0,0.0,3.8,1.4,26.0,0.0,0.0,3.4,3.5,7.4,0.0,4.8,0.1,8.1,1.6,0.1,76.9,0.0,0.6,0.6,1.4,0.0,1.4,9.6,0.9,0.5
capacity,0.4,9.1,3.3,0.0,0.4,14.0,0.2,0.2,6.0,3.7,0.0,0.0,7.0,19.7,0.5,0.0,2.7,0.9,4.5,0.0,1.4,1.5,0.9,0.1,0.2,0.0,2.2,0.4,0.5,2.2,0.5,3.3,0.1,1.0,0.2,0.0,3.9,0.9,0.3,0.1,10.7,25.4,0.0,2.2,0.0,5.3,3.7,4.3,3.9,8.1,0.1,1.1,29.1,8.7,2.7,0.0,0.0,3.9,0.5,4.6,2.4,1.5,0.0,0.1,1.4,0.2,1.4,5.7,0.1,0.7,0.0,0.8,1.9,2.9,3.0,0.5,4.2,7.9,0.8,0.8,0.0,2.2,0.4,1.8,1.0,0.0,0.3,9.9,0.7,7.4,0.1,0.0,3.1,1.9,6.6,0.0,3.2,0.3,13.7,12.4,0.7,99.9,0.2,6.9,0.1,1.7,0.0,0.0,5.6,2.9,0.3
card,1.9,0.1,2.6,0.0,0.0,6.1,0.0,0.0,1.0,15.9,0.0,0.0,8.1,4.9,0.0,0.0,1.2,0.0,1.2,0.4,0.2,0.7,0.0,0.0,0.2,0.0,4.2,0.1,0.1,0.2,0.0,0.8,0.0,0.5,0.9,0.0,3.2,0.0,0.3,0.2,7.4,8.3,0.0,0.0,0.0,3.5,6.7,3.1,2.2,4.7,0.2,0.0,14.7,3.2,0.3,0.0,0.0,2.8,0.5,5.3,0.0,0.0,0.0,0.0,0.1,0.0,0.6,3.0,0.1,0.6,0.0,0.5,0.0,3.4,0.2,0.0,1.6,3.8,0.2,1.5,0.0,0.0,0.6,0.8,0.8,0.0,0.2,3.6,0.2,8.7,0.0,0.0,2.1,1.9,1.5,0.0,4.8,0.0,6.6,3.1,0.7,47.9,0.1,0.5,0.2,0.2,0.0,1.4,4.6,1.3,0.8
care,1.9,3.0,8.7,0.0,3.1,40.1,0.5,0.0,10.2,20.8,7.0,8.1,0.0,51.5,0.0,0.9,6.8,0.0,4.4,1.2,6.3,4.1,0.2,0.3,2.8,0.1,8.7,2.8,1.0,3.2,3.5,3.6,1.2,2.8,1.9,0.0,10.7,1.1,2.6,1.4,39.2,57.4,0.2,1.7,0.1,23.6,54.8,20.1,13.4,29.7,4.2,2.0,102.9,22.7,6.9,0.0,0.1,16.3,1.9,19.6,3.6,0.0,0.3,0.8,0.7,0.9,1.4,31.0,1.4,2.7,0.0,14.8,5.8,13.8,7.6,1.2,18.9,44.4,2.9,7.1,0.3,1.3,3.5,7.2,6.0,0.0,1.2,17.7,4.8,35.4,0.2,0.0,13.0,10.1,9.1,0.0,18.0,1.7,52.0,16.0,5.4,258.8,1.6,4.4,1.1,7.9,0.9,1.4,31.3,4.2,10.6
career,23.1,5.5,16.5,0.1,4.2,53.7,0.5,0.5,10.7,10.3,19.7,4.9,51.5,0.0,0.4,1.4,6.6,0.0,7.9,5.4,1.8,4.2,1.8,2.1,3.6,7.3,15.7,0.4,0.8,4.4,1.0,3.7,2.8,4.3,4.4,0.0,18.1,1.2,4.5,2.4,66.0,41.7,0.2,3.4,0.1,25.4,59.8,23.7,14.3,38.9,2.2,2.2,124.5,32.5,13.4,1.5,0.7,22.9,8.7,21.0,4.8,0.8,0.6,0.4,1.7,0.1,2.1,33.5,0.8,3.7,0.8,4.9,7.9,17.1,7.6,0.2,23.1,34.2,2.6,5.8,0.1,1.0,8.6,6.5,6.9,0.0,17.2,24.4,1.3,42.4,0.6,0.0,12.3,14.5,12.7,0.0,19.1,2.7,82.2,18.8,5.1,377.8,2.7,13.7,3.0,12.6,2.3,0.7,26.4,5.8,11.5
checklist,0.6,0.0,0.7,0.0,0.0,0.8,0.0,0.0,0.0,0.0,0.5,0.0,0.0,0.4,0.0,0.0,0.2,0.0,0.0,0.0,0.0,0.0,0.0,0.0,0.0,0.0,0.0,0.0,0.0,0.0,0.0,0.3,0.0,0.2,0.0,0.0,0.8,0.0,0.0,0.0,0.2,0.9,0.0,0.0,0.0,0.1,1.4,0.3,0.1,0.1,0.0,0.0,2.2,0.3,0.2,0.0,0.0,0.5,0.0,0.2,0.0,0.0,0.0,0.0,0.0,0.0,0.0,0.7,0.0,0.0,0.0,0.0,0.0,0.0,0.1,0.0,0.0,0.0,0.0,0.2,0.0,0.0,0.0,0.0,0.0,0.0,0.0,0.0,0.0,0.5,0.0,0.0,0.0,0.0,2.2,0.0,2.3,0.0,0.2,0.0,0.0,10.1,0.0,0.1,0.0,0.2,0.0,0.0,1.1,0.0,1.2
classmate,0.1,0.0,0.2,0.0,0.0,0.6,0.0,0.0,0.4,0.0,0.0,0.0,0.9,1.4,0.0,0.0,0.0,0.0,0.2,0.7,0.0,0.0,0.0,0.0,0.0,0.0,0.4,0.0,0.0,0.2,0.1,0.0,0.0,0.0,0.0,0.0,0.4,0.0,0.1,0.0,0.9,0.5,0.0,0.0,0.0,1.3,1.3,0.2,0.2,0.5,0.0,0.0,3.7,0.5,0.2,0.0,0.0,0.8,0.0,0.0,0.0,0.0,0.0,0.0,0.0,0.0,0.0,1.1,0.0,0.4,0.0,0.1,0.2,0.0,0.0,0.0,0.2,0.1,0.0,0.4,0.0,0.0,0.2,0.0,0.1,0.0,0.0,0.8,0.2,0.6,0.0,0.0,0.3,0.3,0.0,0.0,0.7,0.0,0.9,0.7,0.1,10.3,0.1,0.6,0.0,0.1,0.0,0.0,0.5,0.2,0.0
climb,0.3,0.4,4.5,0.0,0.1,8.8,0.0,0.0,2.3,4.5,2.7,1.2,6.8,6.6,0.2,0.0,0.0,0.0,2.5,0.4,0.4,0.9,0.3,0.0,0.6,0.1,2.0,0.6,0.4,0.2,0.6,1.9,0.0,1.2,0.6,0.0,2.0,0.3,0.2,0.8,16.4,11.4,0.0,0.3,0.1,6.9,7.2,1.3,4.0,4.6,0.1,0.6,14.9,3.1,1.3,0.0,1.4,1.5,24.4,2.9,1.6,0.3,0.1,0.4,0.0,0.0,1.0,12.0,0.0,0.1,0.0,1.6,1.1,2.3,1.5,0.3,3.3,2.7,0.6,0.5,0.0,0.2,0.5,3.1,1.5,0.0,0.4,5.6,0.1,14.1,0.2,0.0,2.3,2.2,7.9,0.0,2.7,0.4,9.5,2.2,0.4,79.6,0.4,0.6,1.1,2.8,0.3,0.7,2.6,1.3,0.6
cocacola,0.0,0.0,1.4,0.0,0.0,0.1,0.0,0.0,0.0,0.0,0.9,0.0,0.0,0.0,0.0,0.0,0.0,0.0,0.0,0.0,0.3,0.2,0.0,0.0,0.0,0.0,0.1,0.0,0.1,0.0,0.0,0.0,0.0,0.0,0.0,0.0,0.0,3.5,0.0,0.0,1.8,2.4,0.0,0.0,0.0,0.3,0.0,0.0,0.0,0.7,0.0,0.0,2.1,0.1,0.8,0.0,0.0,0.0,0.0,0.8,0.0,0.0,0.0,0.0,0.0,0.0,0.0,0.0,0.0,0.0,0.0,0.0,0.0,1.5,0.1,0.0,0.1,0.1,0.0,0.7,0.0,0.0,0.0,0.0,0.0,0.0,0.0,0.1,0.0,0.8,0.0,0.0,0.0,0.0,0.2,0.0,0.0,0.0,0.1,0.8,0.0,2.4,0.0,0.2,0.0,0.0,0.0,0.0,0.2,0.0,0.0
comfort,0.7,1.6,2.4,0.0,0.2,9.6,0.0,0.0,3.2,1.7,4.5,1.2,4.4,7.9,0.0,0.2,2.5,0.0,0.0,0.3,1.3,1.1,0.6,0.0,0.0,0.1,2.1,0.2,1.4,1.2,0.1,3.5,0.2,1.9,0.5,0.0,2.1,0.7,0.4,0.8,9.5,12.4,0.1,2.0,0.0,5.1,10.2,3.6,3.8,5.4,0.1,1.7,22.5,3.0,2.2,0.0,0.0,3.4,0.7,3.9,0.0,1.6,0.1,0.0,0.2,0.1,0.6,6.3,0.1,0.7,0.0,2.1,0.9,1.7,2.1,0.2,3.9,5.8,0.9,0.9,1.0,0.3,0.4,0.8,1.4,0.3,0.9,4.3,1.0,6.6,0.0,0.0,1.7,7.5,2.8,0.0,3.6,0.2,10.9,3.4,0.1,56.8,0.3,1.7,1.1,1.9,0.7,0.0,3.5,1.0,1.5
conan,0.0,0.1,0.7,0.0,0.2,2.7,0.0,0.0,0.1,0.3,0.0,0.4,1.2,5.4,0.0,0.7,0.4,0.0,0.3,0.0,0.0,0.1,0.0,0.0,0.0,0.0,1.8,0.0,0.0,0.7,0.0,0.1,0.0,0.0,0.0,0.0,2.5,0.0,0.0,0.0,3.0,0.0,0.0,0.0,0.0,2.2,3.0,1.2,0.0,1.8,0.0,0.0,7.6,1.0,1.0,0.0,0.0,0.5,0.0,0.1,0.0,0.0,0.3,0.0,0.0,0.0,0.0,1.2,0.0,0.0,0.0,0.0,0.0,0.5,0.0,0.0,0.1,0.0,1.0,0.1,0.0,0.0,0.5,0.0,0.0,0.0,0.0,2.3,0.0,2.7,0.0,0.0,0.0,0.1,0.2,0.0,1.0,0.0,0.8,0.7,1.0,17.0,0.5,1.4,0.0,0.3,0.0,0.0,2.6,1.1,2.8
conscience,0.1,0.6,1.3,0.0,0.4,3.5,0.0,0.0,0.0,0.4,1.4,0.2,6.3,1.8,0.0,0.0,0.4,0.3,1.3,0.0,0.0,0.8,0.1,0.0,0.1,0.0,0.5,1.0,0.8,4.2,0.7,1.3,0.0,0.2,0.1,0.0,0.1,0.1,0.2,0.1,3.8,17.8,0.0,0.0,0.0,3.0,2.8,1.5,1.4,1.5,0.4,0.1,10.9,2.2,1.3,0.0,0.0,0.6,0.3,0.7,0.0,0.4,0.5,0.0,0.0,0.1,0.2,2.7,0.0,0.5,0.0,0.2,0.7,0.7,1.3,0.1,2.6,3.7,0.2,0.4,0.0,0.1,0.2,0.8,1.1,0.0,0.4,2.6,0.1,3.4,0.0,0.0,0.3,9.0,1.4,0.0,0.4,0.1,5.1,0.9,0.5,17.0,0.0,1.6,0.1,0.6,0.0,0.0,2.6,0.3,0.0
constant,0.0,0.0,0.9,0.0,0.8,7.6,0.0,0.0,0.3,2.7,1.5,0.7,4.1,4.2,0.0,0.0,0.9,0.2,1.1,0.1,0.8,0.0,0.2,0.7,0.3,0.0,2.4,0.5,0.2,0.9,0.0,1.6,0.3,0.9,0.2,0.0,1.0,0.0,2.1,0.3,6.6,15.6,0.0,0.3,0.0,6.1,3.6,2.3,1.0,7.4,1.3,0.0,18.9,2.3,1.3,0.0,0.0,1.3,0.4,2.3,0.0,0.3,0.0,0.0,0.0,0.1,0.1,2.6,0.0,0.0,0.0,0.5,0.7,0.8,0.7,1.0,2.4,2.2,0.6,0.5,0.1,0.0,0.0,1.3,2.8,0.0,0.1,2.9,0.4,7.0,0.0,0.0,1.1,1.6,2.2,0.0,1.6,0.0,5.6,1.2,0.4,34.6,0.2,1.1,1.9,0.8,1.0,0.0,1.6,1.0,0.5
construction,0.0,0.1,1.5,0.0,0.4,0.7,0.0,0.0,0.0,0.1,0.9,0.0,0.2,1.8,0.0,0.0,0.3,0.0,0.6,0.0,0.1,0.2,0.0,0.0,0.0,0.0,0.2,0.0,0.0,0.0,0.0,1.3,0.0,0.0,0.1,0.0,1.0,0.0,0.0,0.0,1.4,6.9,0.0,0.0,6.0,1.1,0.0,0.3,1.3,2.3,0.2,1.0,3.7,0.4,0.2,0.5,0.0,0.2,0.1,0.4,0.0,0.6,0.0,0.0,0.0,0.0,0.1,2.0,0.0,0.0,0.0,0.0,0.1,0.7,0.2,0.0,1.9,0.7,0.3,0.0,0.0,0.0,0.0,0.0,0.3,0.0,0.4,1.3,0.5,1.3,0.0,0.0,1.7,6.4,0.5,0.0,0.1,0.0,1.4,0.1,0.0,7.4,0.0,0.0,0.0,0.5,0.0,0.0,0.3,0.0,0.2
contradiction,2.5,0.2,0.0,0.0,0.0,2.1,0.1,0.0,0.0,0.0,0.1,0.0,0.3,2.1,0.0,0.0,0.0,0.0,0.0,0.0,0.0,0.7,0.0,0.0,0.0,0.0,0.1,0.3,0.0,0.0,0.0,0.1,0.0,0.0,0.0,0.0,0.7,0.0,0.0,0.0,1.2,2.3,0.0,0.0,0.0,0.3,0.0,0.1,0.2,0.9,0.0,0.0,6.2,0.2,0.5,0.0,0.0,0.1,0.1,0.0,0.0,0.0,0.0,0.0,0.0,0.1,0.0,1.6,0.1,0.0,0.0,0.2,0.0,0.9,0.1,0.1,0.1,0.7,0.0,0.2,0.0,0.0,0.0,0.0,0.0,0.0,0.0,0.4,0.0,0.1,0.0,0.0,1.1,0.3,0.2,0.0,0.9,0.0,0.8,1.3,0.0,4.1,0.0,0.1,0.0,0.7,0.0,0.0,0.6,0.2,0.0
crack,0.9,0.1,2.1,0.0,1.2,4.6,0.0,0.1,1.3,0.2,0.2,0.2,2.8,3.6,0.0,0.0,0.6,0.0,0.0,0.0,0.1,0.3,0.0,0.0,0.0,0.0,0.3,0.0,0.1,0.5,0.2,0.0,0.1,0.0,0.0,0.0,0.8,0.0,2.3,0.2,3.6,2.1,0.0,0.0,0.1,2.8,5.3,0.4,0.5,1.7,0.0,0.0,6.6,1.4,3.0,0.0,0.1,1.2,0.3,2.8,0.8,0.0,0.0,0.0,0.0,0.0,0.3,1.3,0.1,0.0,0.0,0.2,1.2,0.5,0.1,0.2,1.3,1.3,0.0,0.1,0.0,0.0,0.6,1.0,0.4,0.0,0.1,2.3,0.3,2.2,0.4,0.0,0.3,0.4,0.8,0.0,0.8,0.3,4.8,0.2,0.1,24.8,0.1,0.4,0.2,0.4,0.1,0.0,1.0,0.3,2.4
cub,0.0,0.0,0.0,0.0,1.1,7.0,0.0,0.0,0.0,1.1,0.0,0.0,0.1,7.3,0.0,0.0,0.1,0.0,0.1,0.0,0.0,0.0,0.0,0.0,0.0,0.0,0.0,0.0,0.0,0.0,0.0,0.0,0.0,0.0,0.0,0.0,1.2,0.0,0.0,0.0,2.6,0.2,0.0,0.0,0.0,1.1,1.9,0.4,1.1,1.5,0.0,0.0,0.6,4.4,0.0,0.0,0.0,1.2,0.0,1.3,0.0,0.0,0.0,0.0,0.0,0.0,0.0,1.2,1.1,0.0,0.0,0.0,0.0,0.0,0.0,0.0,0.0,0.0,0.0,0.0,0.0,0.0,0.0,0.0,0.1,0.0,0.0,0.3,0.0,0.0,0.0,0.0,0.1,0.2,2.2,0.0,0.1,0.0,2.5,0.4,0.1,15.2,0.0,0.0,0.0,1.2,0.0,0.0,1.2,0.0,0.0
decisions,0.2,0.5,5.5,0.6,1.5,10.0,0.1,0.3,2.1,8.1,2.2,4.2,8.7,15.7,0.0,0.4,2.0,0.1,2.1,1.8,0.5,2.4,0.2,0.1,0.3,0.0,0.0,0.9,0.6,0.9,0.1,0.7,0.4,0.8,0.0,0.0,3.6,1.7,2.1,0.1,11.1,13.8,0.0,1.0,0.0,7.8,6.2,4.9,2.5,11.1,0.1,0.1,28.7,5.5,4.8,0.5,0.0,5.3,1.2,3.0,0.0,0.2,0.0,0.4,0.2,0.1,0.2,6.5,0.1,0.3,0.0,0.3,2.2,2.2,3.1,0.0,4.4,4.6,0.3,1.0,0.9,0.0,1.4,3.9,1.0,0.0,1.9,5.1,2.4,12.3,0.0,0.0,3.5,2.1,2.6,0.0,1.5,0.1,10.8,5.7,2.4,71.4,1.3,6.0,1.3,2.3,0.3,0.0,9.3,0.4,1.0
deprive,0.1,0.0,0.5,0.0,0.0,2.2,0.0,0.0,0.1,0.0,0.4,0.1,2.8,0.4,0.0,0.0,0.6,0.0,0.2,0.0,1.0,0.5,0.0,0.3,0.0,0.0,0.9,0.0,0.1,1.2,0.0,0.9,0.0,0.0,0.0,0.0,0.3,0.0,0.0,0.0,2.3,8.1,0.0,0.1,0.0,1.3,0.4,2.0,0.4,2.2,1.2,0.1,6.9,0.8,0.3,0.0,0.0,0.1,0.0,0.6,0.0,0.1,0.2,0.0,0.0,0.3,0.1,1.5,0.3,0.0,0.0,0.9,0.6,0.7,0.5,0.7,1.8,2.7,0.2,0.0,0.0,0.0,0.0,0.7,0.0,0.0,0.1,1.7,0.6,1.7,0.0,0.0,0.9,1.0,0.7,0.0,0.6,0.0,2.2,0.5,0.2,13.4,0.0,0.6,0.0,0.0,0.0,0.0,1.4,0.1,0.1
diminish,0.0,0.5,0.3,0.0,0.2,1.5,0.0,0.2,0.1,0.1,0.5,0.1,1.0,0.8,0.0,0.0,0.4,0.1,1.4,0.0,0.8,0.2,0.0,0.0,0.1,0.0,0.6,0.1,0.0,0.0,0.3,0.8,0.0,0.4,0.1,0.0,0.2,0.0,0.4,0.6,1.9,7.2,0.0,0.0,0.0,1.3,0.8,0.3,2.0,1.0,0.0,0.0,6.6,0.8,0.6,0.0,0.0,1.6,0.5,0.9,0.0,0.0,0.1,0.0,1.1,0.1,0.2,1.2,0.2,0.0,0.0,0.1,0.9,0.7,0.2,0.1,1.4,1.3,0.1,0.5,0.0,0.6,0.1,0.1,0.1,0.0,0.0,2.6,0.0,1.5,0.0,0.0,0.2,0.1,0.8,0.0,0.5,0.1,1.7,0.3,0.0,13.8,0.4,0.6,0.3,0.2,0.0,0.0,0.8,0.2,0.0
duty,0.3,0.8,3.0,0.0,0.2,4.2,0.0,0.0,1.2,0.8,2.2,0.2,3.2,4.4,0.0,0.2,0.2,0.0,1.2,0.7,4.2,0.9,0.0,0.0,0.5,0.0,0.9,1.2,0.0,0.0,0.2,1.0,0.1,0.0,0.2,0.0,0.5,0.5,0.5,0.0,7.0,13.2,0.2,1.1,0.0,2.2,3.8,2.9,0.7,2.6,1.2,0.0,12.4,4.6,1.3,0.0,0.1,1.4,0.4,0.6,0.6,0.9,0.5,0.4,0.0,0.0,0.2,4.2,0.0,1.6,0.0,0.3,2.0,1.6,1.7,0.4,3.3,5.0,0.2,0.1,0.1,0.0,0.4,0.6,0.7,0.0,0.4,2.5,0.2,8.7,0.2,0.2,1.8,12.9,2.2,0.0,1.0,0.3,9.6,0.7,0.8,33.6,0.2,3.1,0.2,0.6,0.0,0.0,3.1,0.2,1.1
ethics,0.0,2.1,0.2,0.0,0.0,3.6,0.0,0.2,0.6,0.0,0.5,0.0,3.5,1.0,0.0,0.1,0.6,0.0,0.1,0.0,0.7,0.0,0.0,0.0,0.2,0.0,0.1,0.0,0.3,0.2,0.0,0.3,0.0,0.0,0.0,0.0,0.3,0.0,0.2,0.0,0.9,3.5,0.0,0.0,0.6,1.8,1.1,0.8,0.3,1.0,0.0,0.0,6.1,1.6,0.2,0.0,0.0,0.2,0.2,0.9,0.0,0.0,0.0,0.0,1.1,0.0,0.0,0.7,0.0,0.0,0.0,0.0,0.2,1.2,0.0,0.1,0.5,2.3,0.2,0.6,0.0,0.0,0.0,2.0,0.4,0.0,0.0,1.5,0.0,2.0,0.0,0.0,0.5,0.2,0.6,0.0,0.3,0.0,2.4,0.3,0.0,13.5,0.0,0.2,0.1,0.8,0.0,0.0,1.0,0.1,0.0
existence,0.0,0.7,1.9,0.0,0.3,7.4,0.0,0.2,3.4,1.0,3.3,0.8,3.6,3.7,0.3,0.0,1.9,0.0,3.5,0.1,1.3,1.6,1.3,0.1,0.0,0.0,0.7,0.9,0.8,1.0,0.3,0.0,0.0,0.8,0.5,0.0,1.4,0.0,0.2,0.1,6.8,14.4,0.1,1.3,0.0,5.1,6.9,1.8,2.7,5.0,0.1,1.9,17.9,1.9,1.4,0.0,0.0,1.3,0.6,3.0,0.0,1.7,0.1,0.0,1.2,0.2,0.3,6.9,0.1,0.6,0.0,0.8,0.7,1.4,1.4,0.6,2.7,4.5,0.4,0.4,0.0,0.2,0.4,0.5,0.8,0.0,1.1,2.2,0.3,6.0,0.0,0.0,2.5,2.5,3.9,0.0,4.8,0.0,7.5,3.0,0.1,37.7,0.0,0.4,0.1,1.8,0.0,0.0,2.9,1.3,0.4
fake,0.0,0.0,0.2,0.0,0.2,1.6,0.0,0.0,0.1,0.2,0.1,0.0,1.2,2.8,0.0,0.0,0.0,0.0,0.2,0.0,0.0,0.3,0.0,0.0,0.1,0.0,0.4,0.0,0.0,0.1,0.0,0.0,0.0,0.2,0.0,0.0,0.8,0.3,0.9,0.1,2.7,0.4,0.0,0.0,0.0,1.3,1.9,0.8,0.0,1.1,0.0,0.0,3.8,0.8,0.6,0.0,0.0,0.3,0.0,2.0,0.0,0.0,0.0,0.0,0.0,0.2,0.1,1.1,0.0,0.0,0.0,0.2,0.2,0.1,0.1,0.0,0.2,1.7,0.3,0.0,0.0,0.2,0.3,0.5,0.3,0.0,1.7,0.8,0.1,0.3,0.0,0.0,0.2,0.8,0.4,0.0,0.3,0.2,1.9,0.0,0.2,7.1,0.0,0.1,0.0,0.3,0.0,0.0,1.3,0.3,0.6
fewer,0.0,0.1,1.1,0.0,0.0,4.9,0.0,0.0,0.8,0.4,1.0,0.5,2.8,4.3,0.2,0.0,1.2,0.0,1.9,0.0,0.2,0.9,0.0,0.0,0.0,0.0,0.8,0.0,0.4,0.0,0.0,0.8,0.2,0.0,0.1,0.0,1.4,0.1,0.0,0.1,4.7,4.5,0.0,0.2,0.0,1.7,6.0,0.7,1.4,2.1,0.4,0.0,8.4,2.5,0.5,0.0,0.0,1.1,1.3,2.3,0.0,0.0,0.0,0.1,0.0,0.0,0.6,2.2,0.0,0.0,0.0,0.4,0.4,0.6,0.3,0.0,1.3,0.9,0.1,0.5,0.0,0.0,0.1,0.8,0.3,0.0,0.0,1.5,0.0,2.3,0.0,0.0,1.2,1.0,0.6,0.0,1.9,0.3,3.1,1.2,0.3,22.9,0.2,0.8,0.3,1.2,0.0,0.0,1.5,0.3,0.9
flip,0.1,0.0,0.9,0.0,0.4,2.7,0.0,0.0,1.2,0.0,0.2,0.9,1.9,4.4,0.0,0.0,0.6,0.0,0.5,0.0,0.1,0.2,0.1,0.0,0.0,0.0,0.0,0.0,0.1,0.2,0.0,0.5,0.0,0.1,0.0,0.0,0.7,0.0,0.1,0.4,2.1,3.2,0.0,0.0,0.0,2.1,2.7,1.6,1.5,2.3,0.0,0.0,8.4,1.2,0.2,0.0,0.0,1.4,0.6,2.6,0.0,0.0,0.0,0.0,0.0,0.0,0.0,1.9,0.0,1.1,0.0,0.4,0.0,0.3,0.1,0.0,0.1,5.7,0.0,0.1,0.0,0.0,0.8,0.0,0.7,0.0,0.0,1.3,0.0,2.3,0.0,0.0,0.1,0.6,1.2,0.0,1.1,0.1,2.7,1.3,0.2,22.6,0.2,0.0,0.0,0.2,0.1,0.0,1.0,0.6,0.9
fruiti,0.0,0.1,0.1,0.0,0.0,0.3,0.0,0.0,0.2,0.0,0.0,0.0,0.0,0.0,0.0,0.0,0.0,0.0,0.0,0.0,0.0,0.0,0.0,0.0,0.0,0.0,0.0,0.0,0.0,0.0,0.0,0.0,0.0,0.0,0.0,0.0,0.0,0.0,0.0,0.0,0.1,0.1,0.0,0.0,0.0,0.2,0.1,0.1,0.0,0.2,0.1,0.0,0.4,0.1,0.0,0.0,0.0,0.0,0.0,0.1,0.0,0.0,0.0,0.0,0.0,0.0,0.0,0.0,0.0,0.0,0.0,0.0,0.0,0.0,0.0,0.0,0.0,0.0,0.0,0.0,0.0,0.0,0.0,0.1,0.0,0.0,0.0,0.0,0.0,0.0,0.0,0.0,0.0,0.0,0.1,0.0,0.1,0.0,0.1,0.0,0.2,0.3,0.0,0.0,0.0,0.0,0.0,0.0,0.0,0.0,0.0
fun,4.0,0.5,3.6,0.0,2.8,14.0,0.2,0.0,3.2,1.7,3.9,3.2,10.7,18.1,0.8,0.4,2.0,0.0,2.1,2.5,0.1,1.0,1.0,0.7,0.8,1.2,3.6,0.3,0.2,0.5,0.3,1.4,0.8,1.4,0.7,0.0,0.0,0.2,0.9,0.3,12.8,12.3,0.0,0.2,0.0,8.6,12.8,5.4,3.1,8.4,0.0,0.7,31.3,4.0,2.5,0.0,0.0,6.2,1.6,9.8,0.2,0.1,0.1,0.1,0.2,0.1,0.3,8.0,0.1,0.0,0.0,2.0,1.6,4.8,0.9,0.2,1.8,3.2,1.9,1.3,0.1,0.1,0.6,1.3,1.4,0.3,0.3,10.2,0.3,8.0,0.0,0.0,4.2,5.6,3.8,0.0,7.6,0.6,14.8,4.3,1.2,87.1,1.0,3.2,1.3,2.5,1.8,2.1,5.8,1.3,3.1
georgia,0.1,3.6,3.7,0.0,0.0,0.7,0.0,0.0,0.5,0.0,0.9,0.0,1.1,1.2,0.0,0.0,0.3,3.5,0.7,0.0,0.1,0.0,0.0,0.0,0.0,0.0,1.7,0.0,0.0,0.5,0.0,0.0,0.3,0.1,0.0,0.0,0.2,0.0,0.6,0.0,2.1,0.9,0.0,0.0,0.0,1.0,1.2,0.1,0.1,1.9,0.0,0.1,3.3,2.0,2.2,0.0,0.7,2.9,0.0,1.1,0.0,0.0,0.0,0.0,0.0,0.0,0.6,1.1,0.0,0.0,0.0,0.2,0.0,1.3,1.0,0.0,1.1,0.5,0.0,0.5,0.0,0.1,0.6,0.9,0.0,0.0,0.1,0.4,0.8,1.3,0.0,0.0,0.0,0.1,0.1,0.0,0.7,0.0,1.7,1.3,0.8,12.4,0.2,0.1,0.5,0.1,0.0,0.0,2.7,0.5,0.0
grandmother,1.1,0.0,2.0,0.0,0.0,3.1,0.0,0.0,2.4,0.9,0.3,0.3,2.6,4.5,0.0,0.1,0.2,0.0,0.4,0.0,0.2,2.1,0.0,0.0,2.3,0.0,2.1,0.0,0.4,0.5,0.2,0.2,0.9,0.0,0.1,0.0,0.9,0.6,0.0,1.1,5.8,3.7,0.0,0.0,0.7,6.5,9.1,2.2,1.3,4.5,0.0,0.0,13.0,4.5,2.6,0.0,0.0,3.4,0.5,2.6,0.0,0.0,0.1,0.0,0.2,0.0,0.6,2.8,0.1,0.4,0.0,0.2,1.3,0.4,0.1,0.6,2.0,0.4,0.0,0.5,0.0,0.0,0.7,0.5,0.9,0.0,0.0,4.4,0.6,4.4,0.2,0.0,0.1,0.3,1.5,0.0,2.3,0.1,7.3,2.2,1.0,20.1,0.2,1.0,0.3,0.7,0.1,0.0,2.8,2.3,1.2
grief,0.3,0.0,1.7,0.0,0.0,5.3,0.0,1.0,0.3,0.2,0.1,0.2,1.4,2.4,0.0,0.0,0.8,0.0,0.8,0.0,0.1,0.3,0.0,0.0,0.2,0.0,0.1,0.0,0.6,0.0,0.0,0.1,0.1,0.1,0.4,0.0,0.3,0.0,1.1,0.0,3.7,3.5,0.0,0.0,0.0,3.0,3.6,0.6,0.6,1.8,0.0,0.4,5.7,0.8,0.1,0.0,0.0,0.5,0.7,0.4,0.0,0.0,0.1,0.0,0.2,0.0,0.0,1.1,0.1,0.0,0.0,0.0,0.0,0.6,0.0,0.0,0.5,0.6,0.0,0.0,0.0,0.0,0.0,0.0,0.3,0.0,0.0,0.4,0.4,1.6,0.0,0.0,0.0,0.6,0.6,0.0,1.0,0.3,2.6,1.8,0.0,13.6,0.0,0.2,0.1,0.4,0.3,0.0,0.5,0.3,0.1
grow,2.5,1.7,17.8,0.1,3.1,55.2,0.5,2.0,12.7,11.8,10.7,7.4,39.2,66.0,0.2,0.9,16.4,1.8,9.5,3.0,3.8,6.6,1.4,1.2,3.6,2.6,11.1,2.3,1.9,7.0,0.9,6.8,2.7,4.7,2.1,0.1,12.8,2.1,5.8,3.7,0.0,81.4,0.0,7.0,0.1,35.6,64.6,26.2,14.4,36.7,3.9,2.3,122.2,20.0,14.8,0.0,0.0,19.9,9.5,24.5,5.0,1.1,0.8,0.9,5.0,0.8,4.1,34.1,0.7,3.8,0.0,6.7,8.2,13.5,8.4,2.3,18.1,53.4,2.5,6.2,0.1,1.2,7.3,5.6,5.9,0.0,18.1,26.6,2.3,41.8,0.6,0.0,16.9,21.9,23.2,0.0,22.5,0.7,77.9,20.5,5.3,348.8,1.4,9.5,1.4,10.7,4.8,0.0,30.3,7.1,7.4
human,4.0,4.6,19.8,0.0,2.8,63.4,0.8,1.4,16.6,22.0,25.4,8.3,57.4,41.7,0.9,0.5,11.4,2.4,12.4,0.0,17.8,15.6,6.9,2.3,2.1,0.2,13.8,8.1,7.2,13.2,3.5,14.4,0.4,4.5,3.2,0.1,12.3,0.9,3.7,3.5,81.4,0.0,0.0,4.2,6.5,44.4,42.9,20.1,23.1,38.2,6.6,6.8,192.8,45.1,20.3,0.0,0.1,19.8,3.1,25.9,1.2,2.2,0.9,0.5,6.4,1.2,2.6,41.7,0.9,5.8,0.0,12.4,10.2,18.2,11.6,9.0,34.3,54.5,6.4,7.6,7.6,1.1,2.5,11.1,4.9,0.0,4.0,41.8,4.9,66.8,0.5,0.2,29.2,38.2,41.5,0.2,27.7,0.1,75.8,26.1,2.6,414.4,1.4,13.0,2.3,14.4,3.1,0.7,43.1,6.0,4.4
iii,0.2,0.0,0.0,0.0,0.0,0.7,0.0,0.0,0.1,0.0,0.0,0.0,0.2,0.2,0.0,0.0,0.0,0.0,0.1,0.0,0.0,0.0,0.0,0.0,0.0,0.0,0.0,0.0,0.0,0.2,0.0,0.1,0.0,0.0,0.0,0.0,0.0,0.0,0.0,0.0,0.0,0.0,0.0,0.0,0.0,0.1,0.0,0.0,0.0,1.0,0.0,0.0,1.9,0.2,0.0,0.0,0.0,0.0,0.0,0.3,0.0,0.0,0.0,0.0,0.0,0.0,0.0,1.0,0.0,0.0,0.0,0.0,0.6,0.2,0.1,0.0,0.0,0.0,0.0,0.0,0.1,0.0,0.0,0.0,0.0,0.0,0.0,0.2,0.0,0.3,0.0,0.0,0.0,0.0,0.1,0.0,0.1,0.0,0.2,0.1,0.0,4.5,0.0,0.1,0.0,0.1,0.0,0.0,0.5,0.0,0.3
inflation,0.0,0.0,0.1,0.0,0.0,0.6,0.0,0.0,0.2,0.0,2.2,0.0,1.7,3.4,0.0,0.0,0.3,0.0,2.0,0.0,0.0,0.3,0.0,0.0,0.0,0.0,1.0,0.1,0.0,1.1,0.0,1.3,0.0,0.2,0.0,0.0,0.2,0.0,0.0,0.0,7.0,4.2,0.0,0.0,0.0,0.1,0.5,0.5,0.4,0.1,0.2,0.0,5.1,1.3,2.3,0.0,0.0,0.4,0.0,0.3,0.0,0.0,0.0,0.2,0.0,0.0,0.0,0.6,0.0,0.0,0.0,0.0,0.0,0.0,5.3,0.3,2.8,2.4,0.1,0.2,0.0,0.0,0.0,0.0,0.0,0.0,0.0,0.4,1.0,1.0,0.0,0.0,1.6,0.3,1.5,0.0,1.0,0.0,0.6,0.3,0.2,19.4,0.0,0.0,0.1,0.2,0.0,0.0,0.8,0.0,0.0
inmates,0.0,0.3,0.0,0.0,0.0,0.4,0.0,0.0,0.1,0.0,0.0,0.0,0.1,0.1,0.0,0.0,0.1,0.0,0.0,0.0,0.0,0.0,6.0,0.0,0.1,0.0,0.0,0.0,0.0,0.0,0.6,0.0,0.0,0.0,0.0,0.0,0.0,0.0,0.7,0.0,0.1,6.5,0.0,0.0,0.0,0.2,0.0,0.0,2.4,0.1,0.0,0.0,1.7,0.2,0.0,0.0,0.0,0.0,0.0,0.0,0.0,0.0,0.0,0.0,0.0,0.0,0.0,1.2,0.0,0.0,0.0,0.0,0.0,1.2,0.0,0.0,3.6,0.1,0.0,0.0,0.0,0.0,0.0,0.3,0.0,0.0,0.0,1.2,0.0,1.4,0.0,0.0,2.4,0.0,0.0,0.0,0.0,0.0,2.5,0.0,0.0,3.5,0.0,0.0,0.0,1.3,0.0,0.0,0.0,0.0,0.0
instead,1.8,1.8,6.9,0.0,2.2,31.6,0.2,2.0,6.7,5.4,5.3,3.5,23.6,25.4,0.1,1.3,6.9,0.3,5.1,2.2,3.0,6.1,1.1,0.3,2.8,1.1,7.8,1.3,1.3,2.2,1.8,5.1,1.3,1.7,2.1,0.2,8.6,1.0,6.5,3.0,35.6,44.4,0.1,0.1,0.2,0.0,26.1,12.0,7.5,22.6,1.3,1.4,82.3,14.0,5.5,0.0,0.0,12.2,4.6,13.5,0.0,1.2,0.3,0.4,2.8,0.6,2.0,17.5,0.3,2.1,0.0,2.9,4.3,8.9,3.1,1.4,9.5,25.6,1.6,3.1,1.2,0.9,2.6,4.1,5.1,0.3,1.3,16.2,0.9,25.1,0.1,0.0,3.9,6.3,11.1,0.0,10.4,0.5,35.5,11.6,2.8,199.9,1.6,5.8,3.1,5.8,1.0,0.0,12.4,5.7,4.2
kid,2.5,1.4,12.7,0.0,7.3,66.9,0.0,0.2,25.7,17.2,3.7,6.7,54.8,59.8,1.4,1.3,7.2,0.0,10.2,3.0,2.8,3.6,0.0,0.0,5.3,1.9,6.2,0.4,0.8,3.8,1.1,6.9,1.9,6.0,2.7,0.1,12.8,1.2,9.1,3.6,64.6,42.9,0.0,0.5,0.0,26.1,0.0,24.5,13.5,34.8,2.4,1.1,127.6,21.8,10.5,0.0,3.6,28.2,4.2,22.6,4.8,0.1,0.5,0.5,0.4,1.2,5.6,50.5,1.6,2.5,0.0,12.4,6.4,12.3,6.0,0.7,11.3,45.6,1.6,5.1,1.5,1.9,7.2,9.3,6.0,0.0,2.7,24.2,2.4,38.6,0.9,0.0,12.6,11.7,17.0,0.0,22.6,2.1,73.3,28.7,9.3,347.4,2.9,9.1,3.4,10.5,2.6,0.0,32.2,5.2,24.2
lesson,2.6,0.9,6.1,0.1,0.9,19.0,0.2,0.0,5.7,10.1,4.3,3.1,20.1,23.7,0.3,0.2,1.3,0.0,3.6,1.2,1.5,2.3,0.3,0.1,0.4,0.4,4.9,2.0,0.3,2.9,0.8,1.8,0.8,0.7,1.6,0.1,5.4,0.1,2.2,0.6,26.2,20.1,0.0,0.5,0.0,12.0,24.5,0.0,5.4,11.5,2.1,0.8,47.3,8.9,4.0,0.0,0.1,8.6,2.0,11.7,1.0,0.3,0.1,0.1,0.5,0.8,1.2,19.5,0.0,0.6,0.0,1.3,2.0,6.9,1.6,0.2,6.5,15.5,2.5,3.2,0.9,0.1,3.3,1.8,1.1,0.3,2.1,10.5,1.9,22.8,0.0,0.0,5.0,5.3,10.6,0.0,7.0,0.5,31.2,10.0,3.3,142.5,1.5,8.0,0.4,3.1,0.5,0.7,15.2,2.3,4.7
likely,0.2,0.1,3.3,0.0,0.4,16.7,0.4,0.0,3.2,6.1,3.9,2.2,13.4,14.3,0.1,0.2,4.0,0.0,3.8,0.0,1.4,1.0,1.3,0.2,0.5,1.1,2.5,0.4,2.0,0.7,0.3,2.7,0.0,1.4,1.5,0.0,3.1,0.1,1.3,0.6,14.4,23.1,0.0,0.4,2.4,7.5,13.5,5.4,0.0,9.9,1.3,0.5,24.0,6.2,2.2,0.0,0.0,4.6,2.7,7.2,4.4,0.3,0.0,0.0,0.3,0.1,1.7,8.4,0.4,0.5,0.0,0.8,2.6,4.6,1.2,0.5,5.9,8.5,1.4,2.0,1.0,0.7,0.5,4.2,1.6,0.0,0.3,7.3,0.4,8.4,0.0,0.0,4.5,2.2,4.0,0.0,7.8,0.3,13.1,3.9,0.5,78.5,0.7,1.5,1.8,3.7,0.6,0.0,6.6,2.0,1.3
line,1.3,1.6,9.3,0.0,7.1,35.9,0.8,0.3,7.9,8.6,8.1,4.7,29.7,38.9,0.1,0.5,4.6,0.7,5.4,1.8,1.5,7.4,2.3,0.9,1.7,1.5,11.1,2.2,1.0,2.6,1.0,5.0,1.1,2.1,2.3,0.2,8.4,1.9,4.5,1.8,36.7,38.2,1.0,0.1,0.1,22.6,34.8,11.5,9.9,0.0,2.8,1.3,91.1,13.3,7.1,0.5,0.7,14.3,2.6,15.1,3.0,0.4,0.4,0.2,1.8,0.3,2.5,29.6,0.9,1.2,0.0,6.5,5.5,6.9,3.6,1.6,7.5,32.6,2.6,3.1,0.3,0.9,3.2,6.0,8.2,0.0,6.0,17.2,6.1,25.2,0.3,0.1,7.2,15.8,10.1,0.0,19.0,0.2,40.4,12.4,4.3,240.5,2.0,4.3,1.7,6.1,0.5,0.0,20.8,3.9,10.2
marshall,0.0,0.3,0.3,0.0,0.1,3.9,0.0,0.0,0.8,0.6,0.1,0.2,4.2,2.2,0.0,0.0,0.1,0.0,0.1,0.0,0.4,1.3,0.2,0.0,0.0,0.0,0.1,1.2,0.0,1.2,0.0,0.1,0.0,0.4,0.0,0.1,0.0,0.0,0.0,0.0,3.9,6.6,0.0,0.2,0.0,1.3,2.4,2.1,1.3,2.8,0.0,0.1,7.4,3.1,0.6,0.0,0.0,0.7,0.1,0.5,0.0,1.2,0.0,0.0,0.1,0.0,1.2,1.4,0.0,0.0,0.0,0.0,1.2,0.7,0.3,1.2,0.2,1.5,0.2,0.5,0.0,0.1,0.0,0.7,0.2,0.0,0.0,0.2,0.0,2.3,0.0,0.0,1.5,0.1,0.3,0.0,1.0,0.1,2.0,0.6,0.5,22.0,0.0,1.2,0.1,0.5,0.0,0.0,1.3,0.2,0.2
materials,0.1,0.2,0.6,0.0,0.0,2.7,0.0,1.0,0.6,0.4,1.1,0.0,2.0,2.2,0.0,0.0,0.6,0.0,1.7,0.0,0.1,0.0,1.0,0.0,0.0,0.0,0.1,0.1,0.0,0.0,0.0,1.9,0.0,0.0,0.0,0.0,0.7,0.1,0.0,0.4,2.3,6.8,0.0,0.0,0.0,1.4,1.1,0.8,0.5,1.3,0.1,0.0,3.7,1.0,0.6,0.0,0.0,0.0,0.2,0.5,0.0,2.7,0.0,0.0,0.2,0.0,0.0,1.5,0.0,0.0,0.0,2.0,0.1,0.6,1.0,0.3,1.0,2.2,0.1,0.4,0.0,0.0,0.2,0.6,0.1,0.0,0.8,1.1,0.8,2.6,0.0,0.0,1.8,0.1,1.9,0.0,0.6,0.0,5.2,2.1,0.0,11.3,0.0,0.3,0.1,0.7,2.8,0.0,1.7,0.0,0.0
mean,10.6,7.4,33.1,0.5,16.0,114.7,2.4,2.3,33.6,28.3,29.1,14.7,102.9,124.5,2.2,3.7,14.9,2.1,22.5,7.6,10.9,18.9,3.7,6.2,6.6,0.6,28.7,6.9,6.6,12.4,6.1,17.9,3.8,8.4,8.4,0.4,31.3,3.3,13.0,5.7,122.2,192.8,1.9,5.1,1.7,82.3,127.6,47.3,24.0,91.1,7.4,3.7,0.0,53.5,27.5,1.0,1.0,43.7,6.3,44.4,3.8,4.1,1.5,1.5,10.8,1.6,8.7,77.6,0.8,16.3,3.2,20.0,15.6,28.7,15.4,3.6,33.9,63.9,8.2,14.2,8.4,3.3,12.9,13.9,18.3,0.0,4.0,61.7,5.4,103.0,0.3,0.2,27.0,32.8,49.4,0.0,60.4,3.8,138.6,51.2,12.0,795.6,3.6,23.4,7.9,24.8,4.4,1.4,61.6,15.6,30.5
members,0.5,3.3,6.1,0.1,1.2,21.6,0.1,0.0,4.5,11.4,8.7,3.2,22.7,32.5,0.3,0.5,3.1,0.1,3.0,1.0,2.2,2.3,0.4,0.2,1.4,4.4,5.5,0.8,0.8,4.6,1.6,1.9,0.8,2.5,1.2,0.1,4.0,2.0,4.5,0.8,20.0,45.1,0.2,1.3,0.2,14.0,21.8,8.9,6.2,13.3,3.1,1.0,53.5,0.0,6.0,0.0,2.9,7.5,1.4,8.5,2.0,0.3,0.3,0.4,0.3,0.2,2.0,13.0,0.5,1.8,0.0,1.7,3.0,7.3,4.2,0.9,11.3,15.6,2.0,2.4,0.3,0.5,1.9,4.1,2.8,0.0,0.9,11.7,1.4,22.3,0.4,0.0,7.3,2.5,7.5,0.0,7.6,0.9,28.4,7.8,2.4,149.3,0.7,4.0,2.0,5.0,1.2,0.0,13.0,2.1,4.5
mention,3.0,0.9,7.4,0.0,0.1,11.4,0.0,0.4,3.9,2.1,2.7,0.3,6.9,13.4,0.2,0.2,1.3,0.8,2.2,1.0,1.3,1.3,0.2,0.5,3.0,0.0,4.8,0.3,0.6,1.3,0.2,1.4,0.6,0.5,0.2,0.0,2.5,2.2,2.6,0.1,14.8,20.3,0.0,2.3,0.0,5.5,10.5,4.0,2.2,7.1,0.6,0.6,27.5,6.0,0.0,0.0,0.1,5.6,1.2,4.3,0.8,0.0,0.1,0.0,2.3,0.1,0.5,7.5,0.3,0.4,0.0,0.6,1.8,1.9,3.3,1.1,3.4,6.6,0.9,1.4,0.1,0.0,2.0,1.3,1.3,0.0,1.8,6.0,1.8,9.1,0.3,0.0,2.9,6.3,9.4,0.0,5.2,0.3,14.7,3.2,2.8,75.7,0.9,1.2,0.7,1.9,0.1,0.0,11.9,1.1,2.2
methodical,0.0,0.0,0.0,0.0,0.0,0.0,0.0,0.0,0.0,0.0,0.0,0.0,0.0,1.5,0.0,0.0,0.0,0.0,0.0,0.0,0.0,0.0,0.5,0.0,0.0,0.0,0.5,0.0,0.0,0.0,0.0,0.0,0.0,0.0,0.0,0.0,0.0,0.0,0.0,0.0,0.0,0.0,0.0,0.0,0.0,0.0,0.0,0.0,0.0,0.5,0.0,0.0,1.0,0.0,0.0,0.0,0.0,0.0,0.0,0.0,0.0,0.0,0.0,0.0,0.0,0.0,0.0,0.0,0.0,0.0,0.0,0.0,0.0,0.0,0.0,0.0,0.0,0.0,0.0,0.0,0.0,0.0,0.0,0.0,0.0,0.0,0.0,0.0,0.0,0.0,0.0,0.0,0.0,0.0,0.0,0.0,0.0,0.0,0.0,0.0,0.0,0.0,0.0,0.0,0.0,0.0,0.0,0.0,0.0,0.0,0.0
milwaukee,0.0,0.0,0.0,0.0,0.0,1.0,0.0,0.0,0.8,0.0,0.0,0.0,0.1,0.7,0.0,0.0,1.4,0.0,0.0,0.0,0.0,0.0,0.0,0.0,0.1,0.0,0.0,0.0,0.0,0.1,0.0,0.0,0.0,0.0,0.0,0.0,0.0,0.7,0.0,0.0,0.0,0.1,0.0,0.0,0.0,0.0,3.6,0.1,0.0,0.7,0.0,0.0,1.0,2.9,0.1,0.0,0.0,0.1,0.0,0.0,0.0,0.0,0.0,0.0,0.0,0.0,0.0,1.6,0.0,0.4,0.0,0.1,0.0,0.7,0.0,0.0,2.1,0.0,0.0,0.0,0.0,0.0,0.7,0.0,0.1,0.0,0.7,0.8,0.0,0.8,0.0,0.0,0.0,0.0,0.0,0.0,0.1,0.0,0.1,0.0,0.0,7.5,0.0,0.0,0.1,0.1,0.0,0.0,0.7,0.0,0.0
minutes,3.5,3.9,8.1,0.1,4.4,19.3,0.0,0.6,6.8,4.3,3.9,2.8,16.3,22.9,0.5,0.8,1.5,0.0,3.4,0.5,0.6,1.3,0.2,0.1,1.2,1.2,5.3,0.1,1.6,1.4,0.2,1.3,0.3,1.1,1.4,0.0,6.2,2.9,3.4,0.5,19.9,19.8,0.0,0.4,0.0,12.2,28.2,8.6,4.6,14.3,0.7,0.0,43.7,7.5,5.6,0.0,0.1,0.0,1.2,14.8,1.2,0.0,0.0,0.1,0.1,0.2,0.8,15.8,0.8,3.5,0.0,1.7,2.3,4.0,2.5,0.5,7.7,7.7,0.9,2.0,0.0,0.4,2.2,1.4,3.0,0.0,2.4,10.3,1.1,14.7,0.2,0.0,4.3,5.5,14.1,0.0,7.3,0.2,21.3,8.4,2.3,135.7,1.9,3.3,2.4,4.6,0.4,0.0,9.9,2.5,9.0
mountain,2.5,0.5,2.7,0.0,0.0,9.6,0.0,0.7,1.1,0.3,0.5,0.5,1.9,8.7,0.0,0.0,24.4,0.0,0.7,0.0,0.3,0.4,0.1,0.1,0.3,0.0,1.2,0.0,0.5,0.4,0.2,0.6,0.0,1.3,0.6,0.0,1.6,0.0,0.5,0.7,9.5,3.1,0.0,0.0,0.0,4.6,4.2,2.0,2.7,2.6,0.1,0.2,6.3,1.4,1.2,0.0,0.0,1.2,0.0,1.2,1.6,0.0,0.0,0.4,1.2,0.0,0.8,7.7,0.0,0.0,0.0,0.1,0.4,0.5,0.3,0.0,1.2,1.9,0.1,1.9,0.0,0.0,0.7,0.8,0.1,0.0,0.3,3.4,0.4,9.5,0.2,0.0,0.3,5.5,4.7,0.0,1.7,0.0,7.3,0.6,0.1,48.3,0.0,0.5,0.2,2.4,0.0,0.0,2.1,0.2,0.5
news,2.1,1.1,9.1,0.2,0.4,22.5,0.0,1.3,5.9,10.9,4.6,5.3,19.6,21.0,0.2,0.0,2.9,0.8,3.9,0.1,0.7,2.3,0.4,0.0,2.8,1.3,3.0,0.6,0.9,0.6,0.9,3.0,2.0,2.3,2.6,0.1,9.8,1.1,2.6,0.4,24.5,25.9,0.3,0.3,0.0,13.5,22.6,11.7,7.2,15.1,0.5,0.5,44.4,8.5,4.3,0.0,0.0,14.8,1.2,0.0,1.4,0.0,0.7,0.1,0.6,0.2,1.5,14.8,0.1,1.7,0.0,2.8,4.1,5.3,2.7,1.8,6.7,11.2,1.7,1.6,0.3,0.9,0.6,4.5,1.5,0.0,1.2,14.3,0.9,15.3,0.2,0.0,4.9,5.6,6.9,0.0,13.2,0.2,26.4,8.7,3.7,142.9,1.4,4.1,1.0,4.5,0.4,2.1,13.9,5.2,4.7
northeastern,0.0,0.0,3.0,0.0,0.0,5.2,0.2,0.0,0.8,0.8,2.4,0.0,3.6,4.8,0.0,0.0,1.6,0.0,0.0,0.0,0.0,0.0,0.0,0.0,0.8,0.0,0.0,0.0,0.0,0.6,0.0,0.0,0.0,0.0,0.0,0.0,0.2,0.0,0.0,0.0,5.0,1.2,0.0,0.0,0.0,0.0,4.8,1.0,4.4,3.0,0.0,0.0,3.8,2.0,0.8,0.0,0.0,1.2,1.6,1.4,0.0,0.0,0.0,0.0,0.0,0.0,2.4,0.0,0.0,0.0,0.0,0.0,0.8,2.0,0.0,0.0,0.8,1.4,0.2,0.0,0.0,0.0,0.0,3.0,0.0,0.0,0.0,1.8,0.0,0.8,0.6,0.0,2.6,0.0,1.6,0.0,0.8,0.0,2.0,0.6,0.0,17.2,0.1,0.2,0.0,0.2,0.0,0.0,1.8,0.0,0.6
objectives,0.0,0.0,0.2,0.0,0.0,0.6,0.0,0.0,0.1,0.0,1.5,0.0,0.0,0.8,0.0,0.0,0.3,0.0,1.6,0.0,0.4,0.3,0.6,0.0,0.0,0.0,0.2,0.1,0.0,0.9,0.0,1.7,0.0,0.0,0.0,0.0,0.1,0.0,0.0,0.0,1.1,2.2,0.0,0.0,0.0,1.2,0.1,0.3,0.3,0.4,1.2,2.7,4.1,0.3,0.0,0.0,0.0,0.0,0.0,0.0,0.0,0.0,0.0,0.0,0.0,0.0,0.1,0.5,0.0,0.0,0.0,0.5,0.1,0.3,0.5,0.6,0.6,0.9,0.0,0.0,0.0,0.0,0.0,0.0,0.0,0.0,0.8,0.6,0.0,1.2,0.0,0.0,1.1,0.0,0.6,0.0,0.0,0.0,1.8,2.0,0.0,5.9,0.0,0.7,0.0,1.0,0.0,0.0,0.0,0.0,0.0
overly,0.0,0.0,0.3,0.0,0.0,0.2,0.0,0.0,0.1,0.4,0.0,0.0,0.3,0.6,0.0,0.0,0.1,0.0,0.1,0.3,0.5,0.0,0.0,0.0,0.0,0.0,0.0,0.2,0.1,0.5,0.0,0.1,0.0,0.0,0.0,0.0,0.1,0.0,0.1,0.1,0.8,0.9,0.0,0.0,0.0,0.3,0.5,0.1,0.0,0.4,0.0,0.0,1.5,0.3,0.1,0.0,0.0,0.0,0.0,0.7,0.0,0.0,0.0,0.0,0.0,0.0,0.0,0.2,0.0,0.0,0.0,0.0,0.2,0.0,0.2,0.0,0.2,0.3,0.0,0.0,0.0,0.0,0.0,0.2,0.0,0.0,0.0,0.2,0.0,0.5,0.0,0.0,0.0,0.0,0.1,0.0,0.4,0.0,0.7,0.2,0.1,3.7,0.0,0.0,0.1,0.2,0.0,0.0,0.5,0.0,0.2
palestinians,0.0,0.0,0.0,0.0,0.0,0.0,0.0,0.0,0.2,0.0,0.1,0.0,0.8,0.4,0.0,0.0,0.4,0.0,0.0,0.0,0.0,0.0,0.0,0.0,0.0,0.0,0.4,0.0,0.0,0.4,0.0,0.0,0.0,0.1,0.0,0.0,0.1,0.0,0.0,0.0,0.9,0.5,0.0,0.2,0.0,0.4,0.5,0.1,0.0,0.2,0.0,0.0,1.5,0.4,0.0,0.0,0.0,0.1,0.4,0.1,0.0,0.0,0.0,0.0,0.0,0.0,0.0,0.2,0.0,0.0,0.0,0.0,0.0,0.0,0.8,0.0,0.5,0.1,0.0,0.5,0.0,0.0,0.0,0.0,0.0,0.0,0.0,0.1,0.0,0.5,0.0,0.0,0.1,0.5,0.1,0.0,0.0,0.0,0.5,0.2,0.5,6.9,0.0,0.0,0.0,0.0,0.0,0.0,0.3,0.0,0.0
paradigm,0.0,1.1,0.7,0.0,0.0,1.7,0.0,2.7,0.2,0.0,1.4,0.1,0.7,1.7,0.0,0.0,0.0,0.0,0.2,0.0,0.0,0.0,0.0,0.0,0.0,0.0,0.2,0.0,1.1,0.0,1.1,1.2,0.0,0.0,0.0,0.0,0.2,0.0,0.2,0.2,5.0,6.4,0.0,0.0,0.0,2.8,0.4,0.5,0.3,1.8,0.1,0.2,10.8,0.3,2.3,0.0,0.0,0.1,1.2,0.6,0.0,0.0,0.0,0.0,0.0,0.0,0.2,1.9,0.0,0.2,0.0,0.0,0.1,0.4,0.3,0.0,1.3,4.2,0.2,0.1,1.8,0.0,0.0,0.5,0.2,0.0,0.0,1.1,0.1,3.2,0.0,0.0,0.5,0.0,2.5,0.0,0.8,0.0,8.8,0.3,0.0,16.0,0.0,0.2,0.0,0.8,0.0,0.0,2.2,1.3,0.1
paradoxically,0.0,0.2,0.2,0.0,0.2,1.3,0.0,0.0,0.1,0.5,0.2,0.0,0.9,0.1,0.0,0.0,0.0,0.0,0.1,0.0,0.1,0.1,0.0,0.1,0.0,0.0,0.1,0.3,0.1,0.0,0.0,0.2,0.2,0.0,0.0,0.0,0.1,0.0,0.0,0.0,0.8,1.2,0.0,0.0,0.0,0.6,1.2,0.8,0.1,0.3,0.0,0.0,1.6,0.2,0.1,0.0,0.0,0.2,0.0,0.2,0.0,0.0,0.0,0.0,0.0,0.0,0.0,0.1,0.1,0.0,0.0,0.2,0.0,0.3,0.2,0.1,0.2,1.7,0.1,0.1,0.0,0.1,0.0,0.0,0.0,0.0,0.0,0.7,0.0,0.4,0.0,0.0,0.1,0.3,0.2,0.0,0.3,0.0,0.9,0.1,0.2,2.8,0.0,0.0,0.1,0.0,0.0,0.0,0.0,0.7,0.0
paris,0.2,0.9,1.8,0.0,0.0,4.1,0.0,0.0,0.9,0.7,1.4,0.6,1.4,2.1,0.0,0.0,1.0,0.0,0.6,0.0,0.2,0.1,0.1,0.0,0.3,0.0,0.2,0.1,0.2,0.2,0.0,0.3,0.1,0.6,0.0,0.0,0.3,0.6,0.6,0.0,4.1,2.6,0.0,0.0,0.0,2.0,5.6,1.2,1.7,2.5,1.2,0.0,8.7,2.0,0.5,0.0,0.0,0.8,0.8,1.5,2.4,0.1,0.0,0.0,0.2,0.0,0.0,2.0,0.0,1.4,0.0,0.4,0.4,0.9,0.3,0.3,0.8,1.3,0.1,0.1,0.0,0.0,0.1,1.8,0.4,0.0,0.0,1.7,0.0,1.9,0.0,0.0,0.7,0.4,1.4,0.0,1.0,0.0,5.6,0.7,0.0,22.5,0.0,1.0,0.3,0.5,0.0,0.0,0.6,0.7,1.1
pass,3.4,1.1,7.9,0.1,5.1,35.6,0.0,0.5,11.3,4.3,5.7,3.0,31.0,33.5,0.7,1.1,12.0,0.0,6.3,1.2,2.7,2.6,2.0,1.6,1.3,1.2,6.5,1.5,1.2,4.2,0.7,6.9,1.1,2.2,1.9,0.0,8.0,1.1,2.8,1.1,34.1,41.7,1.0,0.6,1.2,17.5,50.5,19.5,8.4,29.6,1.4,1.5,77.6,13.0,7.5,0.0,1.6,15.8,7.7,14.8,0.0,0.5,0.2,0.2,1.9,0.1,2.0,0.0,0.2,2.2,0.0,10.0,4.3,8.3,4.5,0.6,9.7,21.4,2.3,4.2,0.4,0.5,5.4,3.5,5.2,0.0,3.0,15.5,2.9,25.9,0.1,0.0,5.9,20.9,12.5,0.0,16.0,0.9,49.5,18.6,7.8,229.7,1.9,4.7,2.3,7.5,0.6,0.7,16.7,3.7,10.8
pat,0.0,0.1,0.0,0.0,0.1,1.0,0.0,0.0,0.0,0.9,0.1,0.1,1.4,0.8,0.0,0.0,0.0,0.0,0.1,0.0,0.0,0.0,0.0,0.1,0.1,1.1,0.1,0.3,0.2,0.0,0.0,0.1,0.0,0.0,0.0,0.0,0.1,0.0,0.1,0.1,0.7,0.9,0.0,0.0,0.0,0.3,1.6,0.0,0.4,0.9,0.0,0.0,0.8,0.5,0.3,0.0,0.0,0.8,0.0,0.1,0.0,0.0,0.0,0.0,0.0,0.1,0.0,0.2,0.0,0.0,0.0,0.3,0.0,0.2,0.1,0.1,0.1,0.4,0.0,0.0,0.0,0.0,0.1,0.0,0.0,0.0,0.0,0.5,0.2,0.2,0.0,0.0,0.0,0.0,0.5,0.0,0.5,0.0,0.3,0.0,0.1,4.7,0.2,0.0,0.0,0.4,0.1,0.0,0.8,0.0,0.2
piano,0.4,0.5,2.5,0.0,0.0,7.8,0.0,0.0,0.9,0.5,0.7,0.6,2.7,3.7,0.0,0.4,0.1,0.0,0.7,0.0,0.5,0.0,0.0,0.0,0.0,0.0,0.3,0.0,0.0,1.6,0.0,0.6,0.0,0.0,1.1,0.0,0.0,0.0,0.4,0.0,3.8,5.8,0.0,0.0,0.0,2.1,2.5,0.6,0.5,1.2,0.0,0.0,16.3,1.8,0.4,0.0,0.4,3.5,0.0,1.7,0.0,0.0,0.0,0.0,0.2,0.0,1.4,2.2,0.0,0.0,0.0,0.8,0.0,0.5,0.3,0.5,0.6,4.2,0.0,0.1,0.0,0.0,1.1,0.0,2.8,0.0,0.0,0.2,0.1,7.8,0.0,0.0,0.2,2.4,4.3,0.0,3.8,0.0,9.0,1.2,0.0,38.7,0.0,0.1,0.4,1.3,0.0,0.0,0.3,1.9,2.4
pigeon,0.0,0.0,0.0,0.0,0.0,3.2,0.0,1.6,0.0,0.0,0.0,0.0,0.0,0.8,0.0,0.0,0.0,0.0,0.0,0.0,0.0,0.0,0.0,0.0,0.0,0.0,0.0,0.0,0.0,0.0,0.0,0.0,0.0,0.0,0.0,0.0,0.0,0.0,0.0,0.0,0.0,0.0,0.0,0.0,0.0,0.0,0.0,0.0,0.0,0.0,0.0,0.0,3.2,0.0,0.0,0.0,0.0,0.0,0.0,0.0,0.0,0.0,0.0,0.0,0.0,0.0,0.0,0.0,0.0,0.0,0.0,0.0,0.0,0.0,0.0,0.0,1.6,0.0,0.0,0.0,0.0,0.0,0.0,0.0,0.0,0.0,0.0,0.0,0.0,0.0,0.0,0.0,0.0,1.6,1.6,0.0,0.0,0.0,1.6,0.0,0.0,3.2,0.8,0.0,0.0,0.8,0.0,0.0,1.6,0.0,0.0
popular,0.5,0.3,0.7,0.0,0.0,7.7,0.0,0.0,1.4,0.2,0.8,0.5,14.8,4.9,0.0,0.1,1.6,0.0,2.1,0.0,0.2,0.5,0.0,0.2,0.2,0.0,0.3,0.9,0.1,0.3,0.0,0.8,0.2,0.4,0.4,0.0,2.0,0.2,0.2,0.0,6.7,12.4,0.0,0.0,0.0,2.9,12.4,1.3,0.8,6.5,0.0,2.0,20.0,1.7,0.6,0.0,0.1,1.7,0.1,2.8,0.0,0.5,0.0,0.0,0.0,0.2,0.4,10.0,0.3,0.8,0.0,0.0,0.3,2.1,1.8,0.5,2.8,11.7,0.2,3.0,0.1,0.3,1.2,0.7,1.2,0.3,0.0,4.5,0.5,6.1,0.0,0.0,0.7,2.7,0.9,0.0,4.5,0.3,9.0,2.2,0.4,38.8,0.2,1.1,0.1,1.7,0.1,0.0,3.5,1.0,1.2
possibility,0.0,0.0,1.3,0.0,0.5,7.7,0.0,0.1,1.3,1.8,1.9,0.0,5.8,7.9,0.0,0.2,1.1,0.0,0.9,0.0,0.7,0.7,0.1,0.0,1.2,0.0,2.2,0.6,0.9,2.0,0.2,0.7,0.2,0.4,0.0,0.0,1.6,0.0,1.3,0.0,8.2,10.2,0.6,0.0,0.0,4.3,6.4,2.0,2.6,5.5,1.2,0.1,15.6,3.0,1.8,0.0,0.0,2.3,0.4,4.1,0.8,0.1,0.2,0.0,0.1,0.0,0.4,4.3,0.0,0.0,0.0,0.3,0.0,1.8,1.3,0.1,2.9,4.3,0.4,1.0,0.2,0.1,0.4,1.4,0.2,0.3,1.9,4.3,0.1,4.6,0.2,0.0,1.2,1.2,2.7,0.0,2.6,0.4,8.9,2.1,0.3,42.5,0.1,1.6,0.4,1.1,0.0,0.0,1.9,0.1,0.8
potential,2.2,0.0,3.4,0.1,0.1,11.3,0.0,0.0,1.7,1.5,2.9,3.4,13.8,17.1,0.0,0.0,2.3,1.5,1.7,0.5,0.7,0.8,0.7,0.9,0.5,0.0,2.2,0.7,0.7,1.6,1.2,1.4,0.1,0.6,0.3,0.0,4.8,1.3,0.4,0.6,13.5,18.2,0.2,0.0,1.2,8.9,12.3,6.9,4.6,6.9,0.7,0.6,28.7,7.3,1.9,0.0,0.7,4.0,0.5,5.3,2.0,0.3,0.0,0.0,0.4,0.3,0.9,8.3,0.2,0.5,0.0,2.1,1.8,0.0,1.0,0.2,4.9,21.7,1.9,1.3,0.2,0.6,0.7,1.5,1.3,0.0,1.1,7.4,0.1,13.2,0.2,0.1,3.8,1.3,3.9,0.0,3.1,0.7,17.0,6.7,0.5,89.0,0.5,3.9,0.7,1.7,0.9,1.4,8.2,1.3,0.7
price,0.6,0.6,1.1,0.0,1.0,3.3,0.1,0.0,2.6,0.5,3.0,0.2,7.6,7.6,0.1,0.0,1.5,0.1,2.1,0.0,1.3,0.7,0.2,0.1,0.1,0.0,3.1,0.5,0.2,1.7,0.0,1.4,0.1,0.3,0.1,0.0,0.9,1.0,0.1,0.0,8.4,11.6,0.1,5.3,0.0,3.1,6.0,1.6,1.2,3.6,0.3,1.0,15.4,4.2,3.3,0.0,0.0,2.5,0.3,2.7,0.0,0.5,0.2,0.8,0.3,0.2,0.3,4.5,0.1,0.3,0.0,1.8,1.3,1.0,0.0,0.2,6.1,5.2,0.2,0.7,0.1,0.0,0.7,2.5,0.5,0.0,0.1,2.9,1.7,6.1,0.0,0.0,1.4,0.7,2.6,0.0,1.7,0.4,9.4,4.0,0.5,49.0,0.0,1.2,0.3,1.1,0.1,0.0,3.2,0.3,1.0
proclaim,0.0,0.1,0.4,0.0,0.0,1.8,0.0,0.0,0.2,0.1,0.5,0.0,1.2,0.2,0.0,0.0,0.3,0.0,0.2,0.0,0.1,1.0,0.0,0.1,0.2,0.0,0.0,0.7,0.1,0.4,0.1,0.6,0.0,0.0,0.0,0.0,0.2,0.0,0.6,0.0,2.3,9.0,0.0,0.3,0.0,1.4,0.7,0.2,0.5,1.6,1.2,0.3,3.6,0.9,1.1,0.0,0.0,0.5,0.0,1.8,0.0,0.6,0.0,0.0,0.0,0.1,0.3,0.6,0.1,0.5,0.0,0.5,0.1,0.2,0.2,0.0,0.5,1.6,0.3,0.2,0.0,0.0,0.0,0.0,0.2,0.0,0.0,1.1,0.0,2.2,0.0,0.0,1.1,0.6,0.9,0.0,0.5,0.0,2.2,0.5,0.0,9.7,0.0,0.2,0.0,0.4,0.0,0.0,0.7,0.3,0.1
provide,2.7,1.6,3.7,0.0,0.9,11.6,0.0,0.6,4.3,3.4,4.2,1.6,18.9,23.1,0.0,0.2,3.3,0.1,3.9,0.1,2.6,2.4,1.9,0.1,1.3,0.0,4.4,1.8,1.4,3.3,0.5,2.7,0.2,1.3,0.1,0.0,1.8,1.1,2.0,0.5,18.1,34.3,0.0,2.8,3.6,9.5,11.3,6.5,5.9,7.5,0.2,1.0,33.9,11.3,3.4,0.0,2.1,7.7,1.2,6.7,0.8,0.6,0.2,0.5,1.3,0.2,0.8,9.7,0.1,0.6,1.6,2.8,2.9,4.9,6.1,0.5,0.0,16.9,0.9,1.2,0.1,0.5,1.7,3.6,1.2,0.0,1.1,9.3,0.7,15.8,0.0,0.0,6.3,4.6,4.9,0.0,3.5,0.7,24.2,6.0,0.8,101.0,0.3,3.9,0.7,2.5,0.0,0.7,6.4,1.3,0.6
purpose,0.6,1.7,6.9,0.0,0.0,36.6,0.6,0.4,3.8,9.4,7.9,3.8,44.4,34.2,0.0,0.1,2.7,0.1,5.8,0.0,3.7,2.2,0.7,0.7,1.3,0.0,4.6,2.7,1.3,5.0,2.3,4.5,1.7,0.9,5.7,0.0,3.2,0.5,0.4,0.6,53.4,54.5,0.0,2.4,0.1,25.6,45.6,15.5,8.5,32.6,1.5,2.2,63.9,15.6,6.6,0.0,0.0,7.7,1.9,11.2,1.4,0.9,0.3,0.1,4.2,1.7,1.3,21.4,0.4,4.2,0.0,11.7,4.3,21.7,5.2,1.6,16.9,0.0,3.5,1.7,2.8,7.2,3.9,3.7,4.1,0.0,15.1,10.0,0.9,30.3,0.2,0.0,7.2,7.2,10.7,0.0,6.2,0.1,62.0,7.3,7.3,251.1,0.6,3.3,1.3,4.5,0.3,0.0,12.1,1.0,2.3
recommend,0.6,0.0,0.4,0.0,0.0,4.2,0.2,0.0,0.4,1.0,0.8,0.2,2.9,2.6,0.0,0.0,0.6,0.0,0.9,1.0,0.2,0.6,0.3,0.0,0.0,0.0,0.3,0.2,0.1,0.2,0.2,0.4,0.3,0.1,0.0,0.0,1.9,0.0,0.0,0.0,2.5,6.4,0.0,0.1,0.0,1.6,1.6,2.5,1.4,2.6,0.2,0.1,8.2,2.0,0.9,0.0,0.0,0.9,0.1,1.7,0.2,0.0,0.0,0.0,0.2,0.1,0.1,2.3,0.0,0.0,0.0,0.2,0.4,1.9,0.2,0.3,0.9,3.5,0.0,0.0,0.9,0.1,0.4,0.2,0.0,0.0,0.0,2.2,0.1,3.3,0.0,0.0,0.6,0.9,0.7,0.0,2.8,0.1,3.4,0.4,0.4,19.3,0.2,0.2,0.0,0.9,0.4,0.0,2.0,0.5,1.0
remarkable,0.0,0.4,0.8,0.0,0.2,5.2,0.0,0.0,1.9,0.8,0.8,1.5,7.1,5.8,0.2,0.4,0.5,0.7,0.9,0.1,0.4,0.5,0.0,0.2,0.1,0.0,1.0,0.0,0.5,0.1,0.6,0.4,0.0,0.5,0.1,0.0,1.3,0.5,0.5,0.0,6.2,7.6,0.0,0.2,0.0,3.1,5.1,3.2,2.0,3.1,0.5,0.4,14.2,2.4,1.4,0.0,0.0,2.0,1.9,1.6,0.0,0.0,0.0,0.5,0.1,0.1,0.1,4.2,0.0,0.1,0.0,3.0,1.0,1.3,0.7,0.2,1.2,1.7,0.0,0.0,0.0,0.0,0.7,1.0,0.7,0.0,0.2,4.1,0.1,5.3,0.0,0.0,1.8,1.3,6.3,0.0,4.3,0.0,4.1,2.5,1.0,36.0,0.1,0.6,0.4,0.6,0.0,0.0,5.0,1.1,1.0
reproduction,0.2,0.0,0.0,0.0,0.0,2.1,0.0,0.0,0.1,0.0,0.0,0.0,0.3,0.1,0.0,0.0,0.0,0.0,1.0,0.0,0.0,0.1,0.0,0.0,0.0,0.0,0.9,0.0,0.0,0.1,0.0,0.0,0.0,0.0,0.0,0.0,0.1,0.0,0.0,0.0,0.1,7.6,0.1,0.0,0.0,1.2,1.5,0.9,1.0,0.3,0.0,0.0,8.4,0.3,0.1,0.0,0.0,0.0,0.0,0.3,0.0,0.0,0.0,0.0,1.8,0.0,0.0,0.4,0.0,0.0,0.0,0.1,0.2,0.2,0.1,0.0,0.1,2.8,0.9,0.0,0.0,0.0,0.0,0.9,0.1,0.0,0.0,0.2,0.4,2.5,0.0,0.0,0.1,0.0,0.9,0.0,0.2,0.0,1.8,0.1,0.0,7.1,0.0,0.0,0.1,2.8,0.0,0.0,0.4,0.0,0.0
responses,0.1,0.4,0.3,0.0,0.0,1.5,0.0,0.0,0.3,0.7,2.2,0.0,1.3,1.0,0.0,0.0,0.2,0.0,0.3,0.0,0.1,0.0,0.0,0.0,0.0,0.0,0.0,0.0,0.6,0.0,0.0,0.2,0.2,0.0,0.0,0.0,0.1,0.1,0.0,0.0,1.2,1.1,0.0,0.0,0.0,0.9,1.9,0.1,0.7,0.9,0.1,0.0,3.3,0.5,0.0,0.0,0.0,0.4,0.0,0.9,0.0,0.0,0.0,0.0,0.0,0.1,0.0,0.5,0.0,0.0,0.0,0.3,0.1,0.6,0.0,0.0,0.5,7.2,0.1,0.0,0.0,0.0,0.1,0.0,0.1,0.0,0.0,0.9,0.1,1.3,0.0,0.0,0.0,0.3,0.7,0.0,0.7,0.0,1.6,0.8,0.2,9.5,0.0,0.2,0.1,0.1,0.0,0.0,0.5,0.6,0.0
retire,0.1,0.1,2.6,0.0,0.0,7.2,0.0,0.0,2.3,0.1,0.4,0.6,3.5,8.6,0.0,0.2,0.5,0.0,0.4,0.5,0.2,0.0,0.0,0.0,0.6,0.0,1.4,0.0,0.1,0.4,0.0,0.4,0.3,0.1,0.8,0.0,0.6,0.6,0.7,0.0,7.3,2.5,0.0,0.0,0.0,2.6,7.2,3.3,0.5,3.2,0.0,0.2,12.9,1.9,2.0,0.0,0.7,2.2,0.7,0.6,0.0,0.0,0.0,0.0,0.0,0.0,0.1,5.4,0.1,1.1,0.0,1.2,0.4,0.7,0.7,0.0,1.7,3.9,0.4,0.7,0.0,0.1,0.0,0.5,0.5,0.0,2.0,2.0,0.7,4.4,0.0,0.0,0.5,1.1,1.9,0.0,2.1,0.2,11.0,3.3,1.6,33.0,0.1,0.3,0.0,0.6,0.1,0.0,3.4,0.6,1.7
revolution,0.0,2.0,3.5,0.0,0.1,7.8,0.5,0.0,1.5,2.1,1.8,0.8,7.2,6.5,0.0,0.0,3.1,0.0,0.8,0.0,0.8,1.3,0.0,0.0,1.0,0.0,3.9,0.7,0.1,0.6,2.0,0.5,0.5,0.8,0.0,0.1,1.3,0.9,0.5,0.0,5.6,11.1,0.0,0.0,0.3,4.1,9.3,1.8,4.2,6.0,0.7,0.6,13.9,4.1,1.3,0.0,0.0,1.4,0.8,4.5,3.0,0.0,0.2,0.0,0.5,0.0,1.8,3.5,0.0,0.0,0.0,0.7,1.4,1.5,2.5,0.0,3.6,3.7,0.2,1.0,0.9,0.0,0.5,0.0,0.6,0.0,0.3,3.5,0.2,3.0,0.1,0.0,2.0,5.0,3.4,0.0,1.2,0.4,5.9,0.8,1.2,45.2,0.0,1.9,0.5,0.8,0.4,0.0,3.6,0.1,2.0
ring,0.9,0.2,2.8,0.0,1.5,11.6,0.0,0.0,1.3,0.5,1.0,0.8,6.0,6.9,0.0,0.1,1.5,0.0,1.4,0.0,1.1,2.8,0.3,0.0,0.4,0.1,1.0,0.0,0.1,0.7,0.4,0.8,0.3,0.3,0.7,0.0,1.4,0.0,0.9,0.3,5.9,4.9,0.0,0.0,0.0,5.1,6.0,1.1,1.6,8.2,0.2,0.1,18.3,2.8,1.3,0.0,0.1,3.0,0.1,1.5,0.0,0.0,0.0,0.0,0.2,0.0,0.4,5.2,0.0,2.8,0.0,1.2,0.2,1.3,0.5,0.2,1.2,4.1,0.0,0.7,0.1,0.1,0.5,0.6,0.0,0.0,0.3,3.0,0.4,6.4,0.0,0.0,0.3,2.5,1.7,0.0,2.2,0.0,10.3,1.8,0.6,47.4,0.6,0.6,5.5,1.3,1.8,0.0,1.5,1.0,1.7
rockstar,0.0,0.0,0.0,0.0,0.0,0.3,0.0,0.0,0.0,0.0,0.0,0.0,0.0,0.0,0.0,0.0,0.0,0.0,0.3,0.0,0.0,0.0,0.0,0.0,0.0,0.0,0.0,0.0,0.0,0.0,0.0,0.0,0.0,0.0,0.0,0.0,0.3,0.0,0.0,0.0,0.0,0.0,0.0,0.0,0.0,0.3,0.0,0.3,0.0,0.0,0.0,0.0,0.0,0.0,0.0,0.0,0.0,0.0,0.0,0.0,0.0,0.0,0.0,0.0,0.0,0.0,0.0,0.0,0.0,0.0,0.0,0.3,0.3,0.0,0.0,0.0,0.0,0.0,0.0,0.0,0.0,0.0,0.0,0.0,0.0,0.0,0.0,0.0,0.0,0.0,0.0,0.0,0.0,0.6,0.0,0.0,0.0,0.0,0.0,0.0,0.0,0.3,0.0,0.0,0.0,0.0,0.0,0.0,0.0,0.0,0.0
selfconfidence,0.0,0.1,0.2,0.0,0.0,6.5,0.0,0.0,0.1,0.0,0.3,0.2,1.2,17.2,0.0,0.0,0.4,0.0,0.9,0.0,0.4,0.1,0.4,0.0,0.1,0.0,1.9,0.1,0.0,0.4,0.0,1.1,1.7,0.0,0.0,0.0,0.3,0.1,0.0,0.0,18.1,4.0,0.0,0.0,0.0,1.3,2.7,2.1,0.3,6.0,0.0,0.8,4.0,0.9,1.8,0.0,0.7,2.4,0.3,1.2,0.0,0.8,0.0,0.0,0.0,0.0,0.0,3.0,0.0,0.0,0.0,0.0,1.9,1.1,0.1,0.0,1.1,15.1,0.0,0.2,0.0,0.0,2.0,0.3,0.3,0.0,0.0,2.5,0.0,1.3,0.0,0.0,2.6,2.0,0.4,0.0,0.1,0.0,7.7,0.1,0.0,27.4,0.0,0.3,0.1,1.9,0.0,0.0,2.6,0.0,0.4
short,1.1,1.8,7.2,0.0,2.3,23.5,0.3,0.6,8.4,3.8,9.9,3.6,17.7,24.4,0.0,0.8,5.6,0.1,4.3,2.3,2.6,2.9,1.3,0.4,2.3,0.3,5.1,1.7,2.6,2.5,1.5,2.2,0.8,1.5,1.3,0.0,10.2,0.4,4.4,0.4,26.6,41.8,0.2,0.4,1.2,16.2,24.2,10.5,7.3,17.2,0.2,1.1,61.7,11.7,6.0,0.0,0.8,10.3,3.4,14.3,1.8,0.6,0.2,0.1,1.1,0.7,1.7,15.5,0.5,0.2,0.0,4.5,4.3,7.4,2.9,1.1,9.3,10.0,2.2,4.1,0.2,0.9,2.0,3.5,3.0,0.0,2.5,0.0,0.3,23.3,0.0,0.0,6.5,10.8,9.6,0.0,11.0,0.3,29.9,10.8,1.8,167.7,1.1,5.7,2.2,2.9,0.7,2.1,17.2,6.0,3.8
silver,0.1,0.0,2.2,0.0,0.8,4.0,0.0,0.5,0.7,1.4,0.7,0.2,4.8,1.3,0.0,0.2,0.1,0.0,1.0,0.0,0.1,0.4,0.5,0.0,0.3,0.0,2.4,0.6,0.0,0.2,0.0,0.3,0.1,0.0,0.0,0.0,0.3,0.8,0.6,0.4,2.3,4.9,0.0,1.0,0.0,0.9,2.4,1.9,0.4,6.1,0.0,0.8,5.4,1.4,1.8,0.0,0.0,1.1,0.4,0.9,0.0,0.0,0.0,0.0,0.1,0.0,0.0,2.9,0.2,0.1,0.0,0.5,0.1,0.1,1.7,0.0,0.7,0.9,0.1,0.1,0.4,0.1,0.7,0.2,0.4,0.0,0.0,0.3,0.0,3.7,0.0,0.0,0.6,1.9,2.6,0.0,1.0,0.1,5.1,1.7,0.8,25.1,0.2,0.1,0.4,0.4,0.0,0.0,8.4,0.0,0.2
small,1.6,1.5,14.5,0.0,0.8,44.2,0.0,1.7,10.7,26.0,7.4,8.7,35.4,42.4,0.5,0.6,14.1,0.8,6.6,2.7,3.4,7.0,1.3,0.1,2.2,0.0,12.3,1.7,1.5,8.7,2.0,6.0,0.3,2.3,2.3,0.0,8.0,1.3,4.4,1.6,41.8,66.8,0.3,1.0,1.4,25.1,38.6,22.8,8.4,25.2,2.3,2.6,103.0,22.3,9.1,0.0,0.8,14.7,9.5,15.3,0.8,1.2,0.5,0.5,3.2,0.4,1.9,25.9,0.2,7.8,0.0,6.1,4.6,13.2,6.1,2.2,15.8,30.3,3.3,5.3,2.5,1.3,4.4,3.0,6.4,0.0,1.3,23.3,3.7,0.0,0.1,0.0,12.1,12.7,20.3,0.1,11.8,0.5,54.7,12.3,3.4,279.4,1.1,10.7,5.3,8.1,2.4,2.1,23.6,5.2,6.8
sniff,0.0,0.0,0.2,0.0,0.0,0.2,0.0,0.0,0.2,0.0,0.1,0.0,0.2,0.6,0.0,0.0,0.2,0.0,0.0,0.0,0.0,0.0,0.0,0.0,0.4,0.0,0.0,0.0,0.0,0.2,0.0,0.0,0.0,0.0,0.0,0.0,0.0,0.0,0.2,0.0,0.6,0.5,0.0,0.0,0.0,0.1,0.9,0.0,0.0,0.3,0.0,0.0,0.3,0.4,0.3,0.0,0.0,0.2,0.2,0.2,0.6,0.0,0.0,0.0,0.0,0.0,0.0,0.1,0.0,0.0,0.0,0.0,0.2,0.2,0.0,0.0,0.0,0.2,0.0,0.0,0.0,0.0,0.0,0.1,0.0,0.0,0.0,0.0,0.0,0.1,0.0,0.0,0.3,0.0,0.2,0.0,0.0,0.0,0.1,0.1,0.0,2.0,0.0,0.0,0.0,0.4,0.0,0.0,0.3,0.0,0.3
solipsism,0.0,0.0,0.0,0.0,0.0,0.0,0.0,0.0,0.0,0.0,0.0,0.0,0.0,0.0,0.0,0.0,0.0,0.0,0.0,0.0,0.0,0.0,0.0,0.0,0.0,0.0,0.0,0.0,0.0,0.2,0.0,0.0,0.0,0.0,0.0,0.0,0.0,0.0,0.0,0.0,0.0,0.2,0.0,0.0,0.0,0.0,0.0,0.0,0.0,0.1,0.0,0.0,0.2,0.0,0.0,0.0,0.0,0.0,0.0,0.0,0.0,0.0,0.0,0.0,0.0,0.0,0.0,0.0,0.0,0.0,0.0,0.0,0.0,0.1,0.0,0.0,0.0,0.0,0.0,0.0,0.0,0.0,0.0,0.0,0.0,0.0,0.0,0.0,0.0,0.0,0.0,0.0,0.0,0.0,0.0,0.0,0.0,0.0,0.0,0.0,0.0,0.1,0.0,0.0,0.0,0.0,0.0,0.0,0.0,0.0,0.0
solve,1.0,0.0,3.3,0.0,1.1,12.1,0.0,0.0,2.1,3.4,3.1,2.1,13.0,12.3,0.0,0.3,2.3,0.0,1.7,0.0,0.3,1.1,1.7,1.1,0.3,0.1,3.5,0.9,0.2,1.8,0.5,2.5,0.2,1.2,0.1,0.0,4.2,0.0,0.1,0.0,16.9,29.2,0.0,1.6,2.4,3.9,12.6,5.0,4.5,7.2,1.5,1.8,27.0,7.3,2.9,0.0,0.0,4.3,0.3,4.9,2.6,1.1,0.0,0.1,0.5,0.1,0.7,5.9,0.0,0.2,0.0,0.7,1.2,3.8,1.4,1.1,6.3,7.2,0.6,1.8,0.1,0.0,0.5,2.0,0.3,0.0,2.6,6.5,0.6,12.1,0.3,0.0,0.0,2.8,4.8,0.0,3.0,0.0,13.3,3.6,0.8,75.9,0.6,1.6,0.4,2.3,0.0,2.1,7.9,0.9,2.1
soul,3.0,0.3,14.5,0.0,1.8,23.6,0.0,0.4,2.1,3.5,1.9,1.9,10.1,14.5,0.0,0.3,2.2,0.0,7.5,0.1,9.0,1.6,6.4,0.3,0.4,0.2,2.1,1.0,0.1,12.9,0.2,2.5,0.8,1.0,0.6,0.0,5.6,0.1,0.3,0.6,21.9,38.2,0.0,0.3,0.0,6.3,11.7,5.3,2.2,15.8,0.1,0.1,32.8,2.5,6.3,0.0,0.0,5.5,5.5,5.6,0.0,0.0,0.0,0.5,0.0,0.3,0.4,20.9,0.0,2.4,1.6,2.7,1.2,1.3,0.7,0.6,4.6,7.2,0.9,1.3,0.0,0.3,1.1,5.0,2.5,0.6,2.0,10.8,1.9,12.7,0.0,0.0,2.8,0.0,11.7,0.0,3.8,0.2,50.6,3.3,0.3,100.9,0.4,2.7,0.1,2.0,0.0,0.7,9.9,0.5,2.8
space,0.2,0.8,7.4,0.0,0.6,19.0,0.0,0.9,6.4,7.4,6.6,1.5,9.1,12.7,2.2,0.0,7.9,0.2,2.8,0.2,1.4,2.2,0.5,0.2,0.8,2.2,2.6,0.7,0.8,2.2,0.6,3.9,0.4,0.6,1.2,0.1,3.8,0.1,1.5,0.6,23.2,41.5,0.1,1.5,0.0,11.1,17.0,10.6,4.0,10.1,0.3,1.9,49.4,7.5,9.4,0.0,0.0,14.1,4.7,6.9,1.6,0.6,0.1,0.1,2.5,0.2,1.4,12.5,0.5,4.3,1.6,0.9,2.7,3.9,2.6,0.9,4.9,10.7,0.7,6.3,0.9,0.7,1.9,3.4,1.7,0.0,0.4,9.6,2.6,20.3,0.2,0.0,4.8,11.7,0.0,0.0,8.9,0.2,19.5,5.9,1.3,133.3,0.1,2.4,0.7,2.6,0.0,0.7,17.3,1.4,1.9
sunbeam,0.0,0.0,0.0,0.0,0.0,0.0,0.0,0.0,0.0,0.0,0.0,0.0,0.0,0.0,0.0,0.0,0.0,0.0,0.0,0.0,0.0,0.0,0.0,0.0,0.0,0.0,0.0,0.0,0.0,0.0,0.0,0.0,0.0,0.0,0.0,0.0,0.0,0.0,0.0,0.0,0.0,0.2,0.0,0.0,0.0,0.0,0.0,0.0,0.0,0.0,0.0,0.0,0.0,0.0,0.0,0.0,0.0,0.0,0.0,0.0,0.0,0.0,0.0,0.0,0.0,0.0,0.0,0.0,0.0,0.0,0.0,0.0,0.0,0.0,0.0,0.0,0.0,0.0,0.0,0.0,0.0,0.0,0.0,0.0,0.0,0.0,0.0,0.0,0.0,0.1,0.0,0.0,0.0,0.0,0.0,0.0,0.0,0.0,0.0,0.0,0.0,0.0,0.0,0.0,0.0,0.0,0.0,0.0,0.0,0.0,0.0
suppose,4.1,1.5,4.9,0.2,0.5,24.3,0.8,0.0,5.6,4.8,3.2,4.8,18.0,19.1,2.3,0.7,2.7,0.0,3.6,1.0,0.4,1.6,0.1,0.9,0.8,0.1,1.5,0.6,0.5,1.0,0.3,4.8,0.3,1.9,1.1,0.1,7.6,0.7,2.3,1.0,22.5,27.7,0.1,1.0,0.0,10.4,22.6,7.0,7.8,19.0,1.0,0.6,60.4,7.6,5.2,0.0,0.1,7.3,1.7,13.2,0.8,0.0,0.4,0.0,0.8,0.3,1.0,16.0,0.5,3.8,0.0,4.5,2.6,3.1,1.7,0.5,3.5,6.2,2.8,4.3,0.2,0.7,2.1,1.2,2.2,0.0,0.1,11.0,1.0,11.8,0.0,0.0,3.0,3.8,8.9,0.0,0.0,0.4,26.9,5.5,2.9,138.6,0.9,2.0,1.1,5.1,0.2,0.0,12.2,4.6,4.5
swallow,0.1,0.0,0.5,0.0,0.2,1.3,0.5,0.0,0.0,0.1,0.3,0.0,1.7,2.7,0.0,0.0,0.4,0.0,0.2,0.0,0.1,0.0,0.0,0.0,0.3,0.0,0.1,0.0,0.1,0.3,0.0,0.0,0.2,0.3,0.1,0.0,0.6,0.0,0.1,0.3,0.7,0.1,0.0,0.0,0.0,0.5,2.1,0.5,0.3,0.2,0.1,0.0,3.8,0.9,0.3,0.0,0.0,0.2,0.0,0.2,0.0,0.0,0.0,0.0,0.0,0.0,0.0,0.9,0.0,0.0,0.0,0.3,0.4,0.7,0.4,0.0,0.7,0.1,0.1,0.0,0.0,0.0,0.2,0.4,0.0,0.0,0.0,0.3,0.1,0.5,0.0,0.0,0.0,0.2,0.2,0.0,0.4,0.0,2.0,0.6,0.0,8.8,0.1,0.5,0.0,0.3,0.1,0.0,0.3,0.1,0.6
teach,6.6,4.3,19.8,0.1,1.4,65.7,0.8,2.2,19.0,8.1,13.7,6.6,52.0,82.2,0.2,0.9,9.5,0.1,10.9,0.8,5.1,5.6,1.4,0.8,4.8,2.5,10.8,2.2,1.7,9.6,2.4,7.5,1.9,3.1,2.7,0.1,14.8,1.7,7.3,2.6,77.9,75.8,0.2,0.6,2.5,35.5,73.3,31.2,13.1,40.4,2.0,5.2,138.6,28.4,14.7,0.0,0.1,21.3,7.3,26.4,2.0,1.8,0.7,0.5,8.8,0.9,5.6,49.5,0.3,9.0,1.6,9.0,8.9,17.0,9.4,2.2,24.2,62.0,3.4,4.1,1.8,1.6,11.0,5.9,10.3,0.0,7.7,29.9,5.1,54.7,0.1,0.0,13.3,50.6,19.5,0.0,26.9,2.0,0.0,33.0,7.0,379.8,0.8,14.4,4.1,12.2,10.5,6.3,35.3,7.8,9.7
teachers,0.7,2.1,4.4,0.0,0.9,13.1,0.6,0.0,7.9,1.6,12.4,3.1,16.0,18.8,0.0,0.7,2.2,0.8,3.4,0.7,0.9,1.2,0.1,1.3,0.2,0.4,5.7,0.5,0.3,0.7,0.3,3.0,0.0,1.2,1.3,0.0,4.3,1.3,2.2,1.8,20.5,26.1,0.1,0.3,0.0,11.6,28.7,10.0,3.9,12.4,0.6,2.1,51.2,7.8,3.2,0.0,0.0,8.4,0.6,8.7,0.6,2.0,0.2,0.2,0.3,0.1,0.7,18.6,0.0,1.2,0.0,2.2,2.1,6.7,4.0,0.5,6.0,7.3,0.4,2.5,0.1,0.8,3.3,0.8,1.8,0.0,0.1,10.8,1.7,12.3,0.1,0.0,3.6,3.3,5.9,0.0,5.5,0.6,33.0,0.0,4.9,113.6,0.7,3.9,0.8,3.1,1.6,0.7,10.4,3.3,3.3
theyd,0.0,0.5,2.6,0.0,0.0,6.2,0.0,0.0,2.2,0.1,0.7,0.7,5.4,5.1,0.0,0.1,0.4,0.0,0.1,1.0,0.5,0.4,0.0,0.0,0.1,0.1,2.4,0.2,0.0,0.8,0.0,0.1,0.2,0.3,0.2,0.2,1.2,0.8,1.0,0.0,5.3,2.6,0.0,0.2,0.0,2.8,9.3,3.3,0.5,4.3,0.5,0.0,12.0,2.4,2.8,0.0,0.0,2.3,0.1,3.7,0.0,0.0,0.1,0.5,0.0,0.2,0.0,7.8,0.1,0.0,0.0,0.4,0.3,0.5,0.5,0.0,0.8,7.3,0.4,1.0,0.0,0.2,1.6,1.2,0.6,0.0,0.0,1.8,0.8,3.4,0.0,0.0,0.8,0.3,1.3,0.0,2.9,0.0,7.0,4.9,0.0,30.4,0.3,1.0,0.3,0.3,0.1,0.0,4.2,1.1,2.2
time,33.0,28.4,83.6,1.9,42.1,342.1,3.7,6.9,83.6,76.9,99.9,47.9,258.8,377.8,10.1,10.3,79.6,2.4,56.8,17.0,17.0,34.6,7.4,4.1,24.8,15.2,71.4,13.4,13.8,33.6,13.5,37.7,7.1,22.9,22.6,0.3,87.1,12.4,20.1,13.6,348.8,414.4,4.5,19.4,3.5,199.9,347.4,142.5,78.5,240.5,22.0,11.3,795.6,149.3,75.7,0.0,7.5,135.7,48.3,142.9,17.2,5.9,3.7,6.9,16.0,2.8,22.5,229.7,4.7,38.7,3.2,38.8,42.5,89.0,49.0,9.7,101.0,251.1,19.3,36.0,7.1,9.5,33.0,45.2,47.4,0.3,27.4,167.7,25.1,279.4,2.0,0.1,75.9,100.9,133.3,0.0,138.6,8.8,379.8,113.6,30.4,0.0,15.2,61.0,25.9,64.6,12.5,17.5,171.5,35.2,80.3
transcript,0.0,0.2,0.9,0.0,0.1,2.8,0.1,0.1,0.3,0.0,0.2,0.1,1.6,2.7,0.0,0.1,0.4,0.0,0.3,0.5,0.0,0.2,0.0,0.0,0.1,0.0,1.3,0.0,0.4,0.2,0.0,0.0,0.0,0.2,0.2,0.0,1.0,0.2,0.2,0.0,1.4,1.4,0.0,0.0,0.0,1.6,2.9,1.5,0.7,2.0,0.0,0.0,3.6,0.7,0.9,0.0,0.0,1.9,0.0,1.4,0.1,0.0,0.0,0.0,0.0,0.0,0.0,1.9,0.2,0.0,0.8,0.2,0.1,0.5,0.0,0.0,0.3,0.6,0.2,0.1,0.0,0.0,0.1,0.0,0.6,0.0,0.0,1.1,0.2,1.1,0.0,0.0,0.6,0.4,0.1,0.0,0.9,0.1,0.8,0.7,0.3,15.2,0.0,0.5,0.8,0.6,0.3,0.0,1.9,0.1,1.6
ultimately,0.1,0.8,1.8,0.0,0.2,5.5,0.3,0.2,2.5,0.6,6.9,0.5,4.4,13.7,0.1,0.6,0.6,0.2,1.7,1.4,1.6,1.1,0.0,0.1,0.4,0.0,6.0,0.6,0.6,3.1,0.2,0.4,0.1,0.8,0.0,0.0,3.2,0.1,1.0,0.2,9.5,13.0,0.1,0.0,0.0,5.8,9.1,8.0,1.5,4.3,1.2,0.3,23.4,4.0,1.2,0.0,0.0,3.3,0.5,4.1,0.2,0.7,0.0,0.0,0.2,0.0,1.0,4.7,0.0,0.1,0.0,1.1,1.6,3.9,1.2,0.2,3.9,3.3,0.2,0.6,0.0,0.2,0.3,1.9,0.6,0.0,0.3,5.7,0.1,10.7,0.0,0.0,1.6,2.7,2.4,0.0,2.0,0.5,14.4,3.9,1.0,61.0,0.5,0.0,0.5,1.6,0.3,0.0,6.0,0.3,3.5
uniform,0.0,0.7,1.0,0.0,0.2,7.9,0.0,0.0,0.8,0.6,0.1,0.2,1.1,3.0,0.0,0.0,1.1,0.0,1.1,0.0,0.1,1.9,0.0,0.0,0.2,0.0,1.3,0.0,0.3,0.2,0.1,0.1,0.0,0.3,0.0,0.0,1.3,0.5,0.3,0.1,1.4,2.3,0.0,0.1,0.0,3.1,3.4,0.4,1.8,1.7,0.1,0.1,7.9,2.0,0.7,0.0,0.1,2.4,0.2,1.0,0.0,0.0,0.1,0.0,0.0,0.1,0.3,2.3,0.0,0.4,0.0,0.1,0.4,0.7,0.3,0.0,0.7,1.3,0.0,0.4,0.1,0.1,0.0,0.5,5.5,0.0,0.1,2.2,0.4,5.3,0.0,0.0,0.4,0.1,0.7,0.0,1.1,0.0,4.1,0.8,0.3,25.9,0.8,0.5,0.0,1.1,2.4,0.0,0.7,0.6,0.0
unless,0.5,0.6,1.8,0.0,0.9,13.9,0.2,0.3,3.0,1.4,1.7,0.2,7.9,12.6,0.2,0.1,2.8,0.0,1.9,0.3,0.6,0.8,0.5,0.7,0.4,1.2,2.3,0.0,0.2,0.6,0.8,1.8,0.3,1.2,0.2,0.0,2.5,0.1,0.7,0.4,10.7,14.4,0.1,0.2,1.3,5.8,10.5,3.1,3.7,6.1,0.5,0.7,24.8,5.0,1.9,0.0,0.1,4.6,2.4,4.5,0.2,1.0,0.2,0.0,0.8,0.0,0.5,7.5,0.4,1.3,0.8,1.7,1.1,1.7,1.1,0.4,2.5,4.5,0.9,0.6,2.8,0.1,0.6,0.8,1.3,0.0,1.9,2.9,0.4,8.1,0.4,0.0,2.3,2.0,2.6,0.0,5.1,0.3,12.2,3.1,0.3,64.6,0.6,1.6,1.1,0.0,0.3,0.0,4.7,0.9,2.2
ut,0.1,0.0,0.4,0.0,0.0,3.0,0.0,0.0,0.0,0.0,0.0,0.0,0.9,2.3,0.0,0.0,0.3,0.0,0.7,0.0,0.0,1.0,0.0,0.0,0.1,0.0,0.3,0.0,0.0,0.0,0.0,0.0,0.0,0.0,0.1,0.0,1.8,0.0,0.1,0.3,4.8,3.1,0.0,0.0,0.0,1.0,2.6,0.5,0.6,0.5,0.0,2.8,4.4,1.2,0.1,0.0,0.0,0.4,0.0,0.4,0.0,0.0,0.0,0.0,0.0,0.0,0.0,0.6,0.1,0.0,0.0,0.1,0.0,0.9,0.1,0.0,0.0,0.3,0.4,0.0,0.0,0.0,0.1,0.4,1.8,0.0,0.0,0.7,0.0,2.4,0.0,0.0,0.0,0.0,0.0,0.0,0.2,0.1,10.5,1.6,0.1,12.5,0.3,0.3,2.4,0.3,0.0,0.0,0.8,0.0,0.5
webbys,0.0,0.0,0.0,0.0,0.0,2.1,0.0,0.0,0.0,1.4,0.0,1.4,1.4,0.7,0.0,0.0,0.7,0.0,0.0,0.0,0.0,0.0,0.0,0.0,0.0,0.0,0.0,0.0,0.0,0.0,0.0,0.0,0.0,0.0,0.0,0.0,2.1,0.0,0.0,0.0,0.0,0.7,0.0,0.0,0.0,0.0,0.0,0.7,0.0,0.0,0.0,0.0,1.4,0.0,0.0,0.0,0.0,0.0,0.0,2.1,0.0,0.0,0.0,0.0,0.0,0.0,0.0,0.7,0.0,0.0,0.0,0.0,0.0,1.4,0.0,0.0,0.7,0.0,0.0,0.0,0.0,0.0,0.0,0.0,0.0,0.0,0.0,2.1,0.0,2.1,0.0,0.0,2.1,0.7,0.7,0.0,0.0,0.0,6.3,0.7,0.0,17.5,0.0,0.0,0.0,0.0,0.0,0.0,1.4,0.0,0.0
wonderful,1.0,0.9,10.4,0.0,0.8,26.5,0.0,0.7,8.3,9.6,5.6,4.6,31.3,26.4,1.1,0.5,2.6,0.2,3.5,2.6,2.6,1.6,0.3,0.6,1.0,1.2,9.3,1.4,0.8,3.1,1.0,2.9,1.3,1.5,1.0,0.0,5.8,2.7,2.8,0.5,30.3,43.1,0.5,0.8,0.0,12.4,32.2,15.2,6.6,20.8,1.3,1.7,61.6,13.0,11.9,0.0,0.7,9.9,2.1,13.9,1.8,0.0,0.5,0.3,2.2,0.0,0.6,16.7,0.8,0.3,1.6,3.5,1.9,8.2,3.2,0.7,6.4,12.1,2.0,5.0,0.4,0.5,3.4,3.6,1.5,0.0,2.6,17.2,8.4,23.6,0.3,0.0,7.9,9.9,17.3,0.0,12.2,0.3,35.3,10.4,4.2,171.5,1.9,6.0,0.7,4.7,0.8,1.4,0.0,2.5,7.0
writers,0.1,1.5,1.3,0.0,0.1,8.2,0.0,0.2,2.2,0.9,2.9,1.3,4.2,5.8,0.0,0.2,1.3,0.0,1.0,1.1,0.3,1.0,0.0,0.2,0.3,0.0,0.4,0.1,0.2,0.2,0.1,1.3,0.3,0.3,0.6,0.0,1.3,0.5,2.3,0.3,7.1,6.0,0.0,0.0,0.0,5.7,5.2,2.3,2.0,3.9,0.2,0.0,15.6,2.1,1.1,0.0,0.0,2.5,0.2,5.2,0.0,0.0,0.0,0.0,1.3,0.7,0.7,3.7,0.0,1.9,0.0,1.0,0.1,1.3,0.3,0.3,1.3,1.0,0.5,1.1,0.0,0.6,0.6,0.1,1.0,0.0,0.0,6.0,0.0,5.2,0.0,0.0,0.9,0.5,1.4,0.0,4.6,0.1,7.8,3.3,1.1,35.2,0.1,0.3,0.6,0.9,0.0,0.0,2.5,0.0,1.5
yeah,0.2,0.5,2.8,0.0,6.0,11.1,0.0,0.1,3.3,0.5,0.3,0.8,10.6,11.5,1.2,0.0,0.6,0.0,1.5,2.8,0.0,0.5,0.2,0.0,2.4,0.0,1.0,0.1,0.0,1.1,0.0,0.4,0.6,0.9,0.9,0.0,3.1,0.0,1.2,0.1,7.4,4.4,0.3,0.0,0.0,4.2,24.2,4.7,1.3,10.2,0.2,0.0,30.5,4.5,2.2,0.0,0.0,9.0,0.5,4.7,0.6,0.0,0.2,0.0,0.1,0.0,1.1,10.8,0.2,2.4,0.0,1.2,0.8,0.7,1.0,0.1,0.6,2.3,1.0,1.0,0.0,0.0,1.7,2.0,1.7,0.0,0.4,3.8,0.2,6.8,0.3,0.0,2.1,2.8,1.9,0.0,4.5,0.6,9.7,3.3,2.2,80.3,1.6,3.5,0.0,2.2,0.5,0.0,7.0,1.5,0.0
